mode,genres,acousticness,danceability,duration_ms,energy,instrumentalness,liveness,loudness,speechiness,tempo,valence,popularity,key,cluster
0,ryukyu ongaku,0.988,0.48,117120.0,0.285,0.179,0.12,-10.409,0.0313,82.53399999999998,0.405,0.0,8,5
1,vgm remix,0.1446563333333333,0.5713333333333334,225906.33333333328,0.7266666666666667,0.5883333333333334,0.1632333333333333,-5.133666666666667,0.1104333333333333,120.886,0.3646666666666667,60.33333333333334,5,4
0,polish contemporary classical,0.7482,0.1852533333333333,571903.9333333332,0.2060199999999999,0.5584666666666667,0.11364,-18.08473333333333,0.04516,109.2972,0.0504533333333333,41.73333333333333,2,9
1,chicago pop punk,0.2863875,0.3989999999999999,243658.5,0.64825,0.07,0.1362,-7.0315,0.0386,151.76925000000003,0.3495,54.5,6,8
0,modern psychedelic folk,0.0422,0.7246666666666667,328653.33333333326,0.7090000000000001,0.2326666666666666,0.0602666666666666,-12.085333333333333,0.0378333333333333,136.247,0.7586666666666666,56.0,11,0
1,grunge pop,0.000894975,0.5495,211403.8333333333,0.8696666666666668,0.0023383333333333,0.2864166666666667,-5.056,0.0613666666666666,126.94233333333334,0.4204999999999999,42.16666666666666,11,2
1,contemporary post-bop,0.7487669793494679,0.4871706842041139,355061.5030054525,0.3187289298157197,0.416557109200104,0.1776109707183281,-15.55831597631629,0.0571877272651075,111.56167303661778,0.4497654332890649,24.715163562813352,5,9
1,gothenburg metal,0.0049010602424242,0.4227242424242424,233689.16060606056,0.9403121212121212,0.3115694014242424,0.3935109090909091,-5.370572727272728,0.0758833333333333,123.40763636363636,0.3374636363636363,50.99090909090909,7,8
1,turkish trap,0.00884,0.6669999999999999,335866.66666666674,0.8073333333333332,5.22e-06,0.6499333333333334,-6.722,0.0717333333333333,119.04833333333332,0.3846666666666667,35.333333333333336,1,6
0,nuevo tango,0.9394736842105263,0.4626315789473684,177899.57894736843,0.3938421052631578,0.7761052631578947,0.1997684210526316,-11.441315789473686,0.0372947368421052,124.89868421052633,0.6015263157894737,0.1052631578947368,6,5
1,thai folk,0.3939999999999999,0.7585,221808.5,0.6214999999999999,0.0,0.2345,-5.644,0.02595,111.522,0.6345000000000001,0.0,10,5
1,indie psych-pop,0.5694444444444443,0.5848888888888889,199185.7777777777,0.3923888888888889,0.3008622777777778,0.1274388888888888,-10.878333333333332,0.0517666666666666,96.795,0.3410333333333333,60.22222222222222,1,3
1,haitian traditional,0.8516226190476189,0.5337130952380952,192515.60119047613,0.2336759523809524,0.4315891478690475,0.2680916666666665,-21.624796428571432,0.1323055952380953,113.77234761904764,0.6125644047619049,2.3190476190476192,7,5
1,hard minimal techno,0.0106089692307692,0.8293846153846154,371890.0,0.7458461538461538,0.7286769230769233,0.0804384615384615,-8.369615384615383,0.0774538461538461,128.62453846153844,0.3010384615384615,0.0,7,2
1,anime score,0.3001385636021496,0.4735439909670027,223791.40982048973,0.647054981249025,0.3008432606336703,0.1668462409711565,-8.463057128094626,0.0736475151891989,123.06658317640937,0.3749125433471897,50.53980281174044,5,3
1,sitar,0.8088561827956989,0.3971814516129033,294425.26209677424,0.1910369892473118,0.4393056021505377,0.1338854838709677,-22.839276881720437,0.0626641129032258,89.0954529569892,0.4973575268817204,37.93145161290322,6,9
1,nyc pop,0.2764256062626264,0.6590146464646462,216117.0797979798,0.617121717171717,0.0275682254545454,0.1766694444444444,-7.513908080808082,0.0919918686868686,112.81642626262622,0.4952237373737373,58.993434343434345,6,4
0,vietnamese bolero,0.366,0.792,256227.0,0.4920000000000001,6.92e-06,0.179,-10.642,0.0298,133.80200000000002,0.6809999999999999,41.0,9,0
1,modern blues,0.3272808520875824,0.5478315744527988,308529.30029622995,0.5679436252221842,0.1318951681684288,0.2135859792576783,-9.675761035465348,0.049027169027972,119.24065829667389,0.5681331838993193,40.652889990509735,9,2
0,aussietronica,0.1376792307692307,0.6307153846153846,260786.0730769231,0.6743076923076923,0.1267890907692307,0.1454515384615384,-6.74313076923077,0.0477765384615384,119.23266153846156,0.3131,60.096153846153854,1,0
0,cambridgeshire indie,0.795,0.358,252960.0,0.546,0.0586,0.111,-8.927,0.0296,106.489,0.264,67.0,0,3
1,trap chileno,0.0869,0.6829999999999999,240253.0,0.677,0.0,0.0998,-4.496,0.0469,156.019,0.514,74.0,1,4
1,french hip hop,0.020708,0.7795000000000001,228939.0,0.893,0.263745,0.21995,-6.683,0.10435,100.481,0.6675,46.5,1,4
1,irish country,0.5268314814814814,0.5049166666666667,219093.5,0.4273648148148148,0.0278247987037036,0.1918509259259259,-9.224203703703704,0.0545703703703703,127.15839814814814,0.499824074074074,40.768518518518526,4,3
1,trap triste,0.329975,0.7420000000000001,299041.5833333334,0.7048333333333333,8.866666666666666e-07,0.132575,-4.85425,0.0819333333333333,133.93816666666666,0.5655833333333333,76.08333333333334,11,2
0,azonto,0.1750850389610389,0.7055428571428571,188412.025974026,0.7405766233766233,0.000291333090909,0.1585054545454545,-5.415332467532466,0.1808716883116883,115.0485974025974,0.5983090909090911,43.412987012987024,11,0
0,jewish hip hop,0.0667966666666666,0.7599999999999999,245533.5,0.7203333333333334,0.00386575,0.1104833333333333,-5.245666666666667,0.2823333333333334,97.3205,0.6955,43.5,10,0
1,ambient,0.6732743467076509,0.3350752947488824,350676.8253885043,0.2762974584117708,0.7529056017847178,0.1255357696644399,-19.52910198007929,0.0432678166697356,107.28752653132194,0.1914820761450744,43.24113652812282,11,9
1,russian dance,0.00561,0.653,198095.0,0.945,0.915,0.439,-2.634,0.096,126.093,0.326,77.0,5,6
1,uk dance,0.0936291673384087,0.6485261525352042,218491.48902510325,0.7304257308304724,0.0514550440501629,0.2100133125590883,-6.094336557695178,0.0752242597775787,121.6721150899388,0.5020025420460766,65.09895631188733,5,4
1,german show tunes,0.8147142857142855,0.3971428571428572,370624.7857142858,0.1806357142857142,0.002340475,0.1688571428571428,-17.043857142857142,0.1600214285714286,109.40764285714285,0.1621285714285714,37.35714285714285,0,9
1,panpipe,0.856125,0.374625,253505.125,0.2651250000000001,0.710125,0.10505,-12.677,0.0451875,85.178375,0.0893875,45.875,2,1
1,dominican pop,0.3427568740098574,0.7313650538518814,260005.6176741498,0.6452189071131007,0.0297297366681697,0.1561411416710672,-7.773125237581831,0.0683860911912585,127.37225539056676,0.8064198601122372,46.8842211961062,7,2
1,italian baroque,0.913350449438202,0.3267291479400749,231494.36037185663,0.158531246388443,0.5349360964312465,0.1666695248796147,-19.62602724184056,0.0429458373461744,92.89135030230072,0.2386628130016052,15.779628143392188,7,9
1,pop romantico,0.4972855461060644,0.5075600491840071,211678.67837383773,0.4998668200551085,0.0218238669043223,0.2213947496173137,-9.895674169541756,0.0416631411496189,111.3631154453666,0.530424988253295,40.53679501932052,2,3
1,indie jazz,0.485086014059115,0.6193122666194278,337270.1891690009,0.5027112445241602,0.2565145205633242,0.1606904195406752,-10.689750482722731,0.0774162237371892,110.30320065424064,0.4891215022161697,46.03705395201559,7,2
1,la pop,0.1879815457875458,0.5772974358974358,228588.5842490842,0.6521889499389498,0.0071915027557997,0.214267905982906,-6.717632051282051,0.1119454822954822,121.41163186813186,0.3808847374847375,59.06001221001221,8,2
0,swedish power metal,0.14755283005291,0.4134417989417989,344141.32539682544,0.7693465608465608,0.1109871096031746,0.2194142857142857,-6.549195767195768,0.0720730158730158,136.36731216931216,0.3196052910052909,44.33597883597884,7,8
1,jug band,0.9029263888888888,0.5611277777777778,192970.5173611111,0.3504840277777777,0.057980135625,0.209530625,-11.533784027777774,0.055728125,115.03021111111111,0.5642604166666667,13.724999999999998,7,5
1,swedish country,0.09625,0.616125,222060.0,0.795,0.00090163625,0.1011125,-6.751875,0.0529875,117.941,0.484,58.5,6,2
0,danish pop,0.0419644444444444,0.7442063492063492,223105.57142857145,0.7272698412698413,0.0218571746031746,0.1320285714285714,-4.819047619047619,0.0967714285714285,132.15596825396827,0.5181428571428571,59.650793650793645,9,0
1,south african alternative,0.5465541666666667,0.8052916666666667,190399.04166666663,0.5195000000000001,0.1155631375,0.2337916666666667,-7.736458333333332,0.0808416666666666,128.15016666666668,0.2965,57.58333333333334,7,4
1,kentucky hip hop,0.2195526865671641,0.689043843283582,165553.83232276118,0.5082294776119404,0.0001789665041977,0.1921450093283582,-8.011282416044775,0.3334966417910448,116.731526119403,0.4640393190298507,69.80293843283582,11,4
0,cornwall indie,0.0437,0.391,218773.0,0.63,0.00115,0.113,-6.763999999999999,0.0274,174.04,0.134,43.0,3,8
1,indie rock,0.2436046038030565,0.5234866535345869,242354.61989687383,0.6490910988981262,0.1531099439697404,0.1870667131658761,-7.882596786699978,0.0545933379118525,122.2970058203872,0.4721417727284536,48.847724569136496,7,2
1,ontario indie,0.2650204444444444,0.6168055555555555,225593.6388888889,0.6171666666666668,0.0474971611111111,0.1491277777777777,-9.884972222222224,0.0384916666666666,114.17266666666669,0.5370972222222222,46.47222222222222,7,2
1,baltimore hip hop,0.1727166666666666,0.8315,190730.0,0.5303333333333333,0.0,0.0833833333333333,-7.1,0.1402,117.502,0.5596666666666668,62.83333333333334,5,4
0,shiver pop,0.2155273711967545,0.6158916835699796,251743.1135902637,0.6095853955375253,0.1550014358458418,0.150804462474645,-7.21851724137931,0.0739838133874239,118.84897728194724,0.4241638945233265,48.72210953346856,4,0
1,reggae rock,0.1667697510731735,0.7296303634131218,250885.89681071305,0.5859938215406965,0.0341563822599323,0.1551564615197373,-8.067810253240536,0.0782191711928565,117.83700219734531,0.675422546052826,45.21651091026092,7,2
1,boston metal,0.0022205384,0.3479200000000001,249768.79333333328,0.8955666666666665,0.0479772533333333,0.1582626666666666,-4.657266666666668,0.0732206666666666,144.29392000000004,0.38718,45.75333333333333,7,8
1,french soundtrack,0.7673165458937198,0.4117692480225089,162330.58805940434,0.3256167907575516,0.405311140179328,0.1984385097149227,-14.986727207092418,0.0514958061262409,110.61370192440408,0.3642702037213993,23.40889870998567,9,5
1,italo dance,0.1501638962962962,0.7480259259259261,244067.54444444444,0.8705814814814815,0.0598617703703703,0.2928944444444445,-8.776311111111113,0.0871303703703703,128.25753703703705,0.6899703703703703,60.27777777777778,7,4
1,marathi pop,0.278,0.7440000000000001,309640.0,0.7,0.000155,0.068,-7.6629999999999985,0.0376,144.043,0.866,59.0,2,4
0,pinoy traditional,0.64,0.5635,122730.0,0.6983749999999999,0.7633749999999999,0.2282,-12.09625,0.0665999999999999,150.1835,0.78125,13.375,7,5
1,british contemporary classical,0.7721135185185185,0.1928214814814814,243099.7796296297,0.1660759259259259,0.4164230129629629,0.1496618518518518,-26.925553703703702,0.0564077777777777,101.75610185185184,0.1311944444444444,37.47222222222222,11,1
1,australian singer-songwriter,0.40575,0.65475,199223.16666666663,0.5500833333333335,1.1531666666666668e-05,0.2339999999999999,-8.880666666666666,0.0357583333333333,123.23283333333336,0.6295,50.08333333333334,7,2
1,alternative country,0.4071150580061164,0.5425796669270009,249887.8559483778,0.5181552411956074,0.0393726645833564,0.1747228346275166,-10.290235627460508,0.0451604442303254,120.26777292129756,0.5137621412515364,42.85791917624276,9,2
0,italian mandolin,0.91,0.535,241827.0,0.212,0.93,0.102,-15.831,0.0473,136.382,0.4320000000000001,0.0,4,9
1,taiwan indie,0.6749999999999999,0.5765,260626.5,0.3915,0.21415,0.1285,-11.63,0.05535,143.94149999999996,0.5660000000000001,55.5,7,2
1,korean trap,0.0309279999999999,0.7340000000000001,236647.0,0.7010000000000001,4.085e-06,0.202,-5.3055,0.1661,129.04,0.3395,61.0,1,4
0,samba-rock,0.5740419047619048,0.572495238095238,206784.2285714285,0.6626628571428571,0.0178514272380952,0.1589337142857143,-8.095731428571428,0.0545603809523809,111.31270476190473,0.7150190476190474,41.70857142857143,7,0
1,southern metal,0.0049350125,0.4317083333333333,248476.66666666663,0.856875,0.2739338208333333,0.2312666666666667,-4.955708333333332,0.06905,118.73270833333332,0.4275833333333333,45.125,7,8
1,alberta country,0.2077672619047618,0.5939916666666667,206540.95,0.7349738095238095,1.958528571428572e-05,0.2258033333333333,-6.57517619047619,0.0557580952380952,113.51413095238097,0.5968142857142856,51.49047619047619,4,4
1,lilith,0.420840480136627,0.5456015126717405,237318.0359305325,0.4960642982041723,0.0264920207088261,0.1734271872738064,-9.971584201295215,0.0485105159086132,119.6514605533382,0.4498006478940907,45.22811927006301,9,2
0,russian rock,0.4341818308080808,0.5117607323232324,241356.49431818177,0.4856133838383839,0.0202526751262626,0.1843405934343434,-10.77162184343434,0.0558008207070707,114.4648813131313,0.4922285353535353,45.13888888888889,7,0
0,uk diy punk,0.000209,0.452,209598.0,0.937,3.61e-06,0.606,-3.346,0.161,164.032,0.604,77.0,1,6
1,australian underground hip hop,0.3323333333333333,0.535,239449.0,0.7776666666666666,0.0,0.422,-5.503999999999998,0.2144,115.03433333333334,0.481,56.66666666666666,0,4
0,arab groove,0.4122283333333333,0.5436666666666666,212859.16666666663,0.4224166666666667,0.4692515625,0.1904166666666666,-12.97525,0.0346416666666666,111.64358333333334,0.5035,38.833333333333336,10,0
1,jazz drums,0.6759655301923332,0.4850793027323061,314593.96066140657,0.3458471595020723,0.3779386706943022,0.1985533110645862,-16.091086404246752,0.0566234290943109,110.79546637000686,0.4436031574194972,23.90592201422241,5,9
1,quran,0.9635,0.4455,120138.0,0.22425,0.00017775,0.23425,-8.57725,0.14515,127.447,0.534,28.0,10,5
1,classic girl group,0.5676368056983718,0.5735983979381717,171328.06109345224,0.5356850487966376,0.0800070528530162,0.2082038729046186,-8.934626313883449,0.067056349552049,116.897019340573,0.6366064998496105,35.98150230228236,9,2
1,nightcore,0.23005,0.6124999999999999,174010.5,0.8165,0.061265,0.16695,-6.042000000000001,0.0732,170.734,0.515,58.0,5,8
1,21st century classical,0.9793333333333332,0.1628833333333333,160297.66666666663,0.0713166666666666,0.60683367,0.3616,-31.514333333333337,0.0405666666666666,75.3365,0.1037833333333333,27.83333333333333,6,1
1,swedish dancehall,0.1424666666666666,0.8393333333333333,214656.66666666663,0.7116666666666668,2.439333333333333e-05,0.1250666666666667,-6.135999999999999,0.0803333333333333,106.69966666666666,0.8393333333333333,70.0,6,4
0,black 'n' roll,0.0066512833333333,0.1856666666666666,416115.66666666674,0.9123333333333332,0.1517396666666667,0.2269999999999999,-5.176,0.1086666666666666,140.60033333333334,0.1105666666666666,43.33333333333334,7,8
1,corridos cristianos,0.13,0.8809999999999999,221179.0,0.741,5.76e-05,0.0844,-3.995,0.0688,100.041,0.75,36.0,10,2
1,dutch classical piano,0.9851666666666666,0.295,307138.0,0.01155,0.957,0.0860833333333333,-29.58316666666667,0.04745,110.42166666666668,0.0959666666666666,10.5,5,1
1,christian hip hop,0.1263142824074074,0.7011714814814815,247535.4361111111,0.7841875925925925,0.0337337218129629,0.2100725185185185,-5.521925185185187,0.1484332314814815,129.32635425925926,0.6045612037037037,51.88074074074074,1,4
1,dreamo,0.1460880517938127,0.473737309685779,229022.65955620332,0.7643864350502108,0.0479791717698412,0.2409654850988014,-6.2622077988338205,0.0566783179462261,129.73112843375444,0.4815128166504695,45.60783122772919,11,2
1,bounce,0.1253680491486068,0.7893916795665635,259473.9238390093,0.7602883126934985,0.0005312892260061,0.2122583823529412,-5.810721633126935,0.1842065092879257,128.52405344427245,0.6080890479876161,44.85193498452013,7,4
1,chinese classical piano,0.9805,0.3080555555555555,228447.6111111111,0.0426149999999999,0.9518888888888888,0.0739,-32.135444444444445,0.0440777777777777,87.3185,0.1084722222222222,54.5,2,1
0,funana,0.0946516666666666,0.8574999999999999,245171.0,0.6434166666666667,0.1237035,0.2481333333333333,-9.874333333333333,0.10985,103.93833333333332,0.8697500000000002,47.5,11,0
1,icelandic pop,0.4533523650726676,0.4930368635724332,321676.518002813,0.3963250820440695,0.2231950118530238,0.2619075773558369,-11.771830907172994,0.0393716268166901,116.28173922878574,0.2176076629160806,46.16721753398968,7,3
1,canadian hardcore,0.0037988888888888,0.408,281733.33333333326,0.8871111111111111,0.1939784555555556,0.1764444444444444,-7.114111111111112,0.0701333333333333,105.38233333333334,0.4582222222222223,42.22222222222222,11,2
1,new jack swing,0.2229028770703389,0.6782299839094014,284509.03693458764,0.5644153400750612,0.0113223047328851,0.161569294021881,-9.336981166202632,0.0741198534195641,116.42076650052344,0.5713643128239082,41.38927659975997,11,2
1,post-post-hardcore,0.0746672222222222,0.5018333333333334,228668.22222222228,0.9163333333333332,0.0006606111111111,0.2444444444444445,-4.928277777777779,0.0825722222222222,134.57161111111114,0.3871111111111111,31.88888888888889,10,8
1,nu skool breaks,0.0542166666666666,0.6207878787878788,300169.2424242425,0.8256060606060607,0.4509063636363637,0.3666424242424242,-7.158666666666666,0.0942424242424242,115.26039393939396,0.3614848484848485,50.42424242424243,10,2
1,musica andina colombiana,0.2676260869565218,0.769304347826087,227693.7391304348,0.592391304347826,0.0048125069565217,0.0920652173913043,-7.851608695652174,0.1068782608695652,109.58760869565216,0.9251304347826084,43.08695652173913,0,4
0,go-go,0.0934766666666666,0.6365,326288.16666666674,0.8386666666666667,0.0673398333333333,0.2767666666666666,-9.926833333333336,0.0809333333333333,130.96416666666667,0.8153333333333336,35.166666666666664,5,0
1,electronic djent,0.03820125,0.51025,273960.25,0.6409999999999999,0.81975,0.16625,-9.0915,0.06715,130.52525,0.1455,60.25,2,3
1,guaracha,0.00903,0.745,189818.0,0.972,0.465,0.297,-3.506,0.0774,128.031,0.556,77.0,7,4
1,early modern classical,0.8969316031552653,0.3045850962626793,263933.55709342106,0.2000832338291835,0.5762437349517192,0.1757319452768827,-19.90472150194144,0.0518819646118218,104.3893517268158,0.2074079396804263,9.10661246524032,7,9
1,deep full on,0.00019234,0.6354000000000001,472583.0,0.9198,0.8438000000000001,0.13688,-6.7246,0.0448,144.79760000000005,0.2856,0.0,1,8
1,marching band,0.8465454545454546,0.4638181818181818,207410.81818181815,0.4505454545454546,0.6311832163636364,0.211,-14.037272727272727,0.0441363636363636,119.18154545454546,0.5012727272727272,12.0,8,5
1,organic ambient,0.8640000000000001,0.59,392072.0,0.392,0.8909999999999999,0.185,-15.72,0.0341,126.283,0.259,33.0,7,9
1,indie electronica,0.3926,0.6579999999999999,378020.0,0.423,0.926,0.2025,-14.425,0.0629,91.005,0.3535,39.0,11,9
1,dabke,0.9058285714285712,0.4288285714285714,243900.4285714285,0.2571428571428571,0.0795579411428571,0.3254142857142859,-11.645314285714283,0.0439885714285714,99.61182857142856,0.4021714285714285,24.142857142857142,0,3
1,bajki,0.952,0.563,118187.0,0.2251,0.00131305,0.106,-13.48,0.03975,148.9555,0.453,50.0,11,5
1,tajik pop,0.991,0.789,209717.0,0.335,0.0085799999999999,0.189,-8.478,0.0948,101.549,0.847,0.0,5,5
1,hungarian classical performance,0.9130873426138127,0.2682092323798205,284690.582682568,0.1248850642984466,0.6187592517300103,0.1683434545030133,-22.85314755397109,0.0480010391025097,96.19102520654728,0.1959503236142942,37.68033981269278,7,1
1,western americana,0.4636388888888889,0.5215833333333333,246936.19444444447,0.4291388888888889,0.0019837888888888,0.1040138888888888,-10.47652777777778,0.0378444444444444,121.06894444444444,0.5145555555555554,46.97222222222222,11,2
1,bachata,0.3364129261746941,0.7739951804134322,240030.0010567601,0.6314427518951106,0.0431992791608341,0.1486405155774342,-6.679586300709798,0.0480750998844692,127.73571833038378,0.8091067343951748,48.15279326049078,9,2
1,country road,0.2385715593091865,0.5804152928520728,220442.7783233272,0.6571183738954778,0.0187267310581701,0.1816143402013136,-6.881845711283293,0.0498798082282847,124.8791873879074,0.5363711924016905,49.196370582739455,7,2
0,nordic folk,0.2379777777777778,0.4841111111111111,346794.11111111107,0.4646666666666667,0.5154422222222222,0.1992222222222221,-12.611222222222226,0.0352444444444444,110.04655555555556,0.2621666666666666,52.44444444444446,7,0
1,ska chileno,0.075095,0.6482,300500.7,0.7432,0.00326197,0.1227299999999999,-7.903999999999999,0.06408,136.2655,0.6569999999999998,53.6,11,2
1,emocore,0.0020418333333333,0.333,186985.5,0.9068333333333332,0.2310459025,0.2630999999999999,-6.376666666666666,0.069825,116.38225,0.3691666666666665,32.916666666666664,7,8
1,musica tradicional cubana,0.7036013457294339,0.6244613897342904,214587.2538344364,0.4693366853477801,0.1582350169858077,0.1596735492207824,-10.825007219922709,0.0611171230928174,113.65495969469724,0.7603687149859943,24.10640729118552,7,5
1,alternative americana,0.3482192708333333,0.493904513888889,224527.29861111112,0.4982638888888888,0.1712250775694444,0.1912529513888888,-9.79526736111111,0.0469487847222222,125.1544184027778,0.4446961805555555,49.82291666666666,7,2
1,manitoba indie,0.5049213333333333,0.4652666666666667,210029.26666666672,0.4393306666666668,0.0018453253333333,0.1576266666666666,-10.480666666666666,0.0474133333333333,133.96433333333334,0.3325333333333334,44.0,11,2
1,singaporean mandopop,0.6295128205128205,0.5595138888888889,278020.7083333334,0.5075331196581195,1.6563888888888891e-06,0.1556143162393162,-7.421941239316241,0.032526923076923,123.36809081196584,0.3261570512820513,53.636752136752136,1,3
1,future funk,0.1303747024553571,0.6146205357142858,206562.0602678572,0.719515625,0.220235444375,0.1884904017857142,-7.230973214285713,0.1144459821428571,113.97113392857143,0.480965625,55.89285714285714,10,2
1,la indie,0.2366308043235994,0.5907050506350343,230989.3794031072,0.6399574432768879,0.0862452153194017,0.1466064007887537,-7.160549401379304,0.0422565050747485,120.72917694609012,0.5073507305908206,54.0620268559811,7,2
1,christian hard rock,0.0276485,0.4602777777777778,210689.05555555556,0.9016111111111108,2.1177777777777783e-06,0.1833777777777777,-4.517666666666667,0.0574666666666666,128.58238888888891,0.4305555555555556,50.83333333333334,5,8
1,northern irish indie,0.02028384,0.5526666666666665,209353.8,0.8,0.0268037386666666,0.1664733333333333,-5.197200000000001,0.0855733333333333,138.5288,0.5765333333333335,52.53333333333333,2,4
1,japanese instrumental,0.7668869047619048,0.4725357142857143,229553.68650793648,0.3568045634920634,0.4172753675396825,0.147425992063492,-12.003565476190474,0.0376220238095238,134.531246031746,0.3583611111111111,42.0515873015873,5,3
1,brass ensemble,0.983426086956522,0.3879331186258722,173786.37241009125,0.2094876113794954,0.8300018647342995,0.1669907246376811,-15.874398604401502,0.0538142351046699,97.95686086956523,0.4257023939881912,9.239613526570048,5,9
0,folklore boliviano,0.5100000000000001,0.6533333333333334,274048.0,0.7076666666666666,3.364e-05,0.1290666666666666,-10.515,0.1058666666666666,136.189,0.68,48.0,10,0
1,classic italian pop,0.6118954317175492,0.5020506511316775,227617.16968356332,0.4108351044903545,0.0506976683880626,0.1923097712420718,-11.833143954987106,0.0556390230760816,119.2434483971048,0.5142768033060648,34.963343779398016,9,5
1,outsider,0.4721261438452851,0.5189158852017549,199173.21550782543,0.4746808501281328,0.180441019278533,0.159354549454169,-13.034915128748064,0.1032069846747455,123.4931035949195,0.5472784740114957,30.703712917517272,2,3
1,russian choir,0.9543333333333334,0.228,224146.16666666663,0.1354666666666666,0.6831666666666667,0.1058333333333333,-28.49383333333334,0.0405166666666666,122.83033333333331,0.1724166666666666,31.83333333333333,6,1
0,outsider house,0.5181330578512398,0.4506780991735537,394600.40909090906,0.3622561983471075,0.7232775957024793,0.1200752066115702,-13.843280991735542,0.0420115702479338,113.4624090909091,0.233690909090909,34.18181818181818,8,9
1,nu disco,0.16286375,0.7412500000000002,285757.75,0.7073560606060607,0.1939377598863636,0.2063704545454545,-7.043541666666669,0.0608128787878788,117.72420075757576,0.5965272727272727,54.09090909090908,1,4
1,calming instrumental,0.8006906697638404,0.4412024003097175,198800.71885404567,0.2240966724738676,0.7426447783313976,0.1168169686411149,-19.81881560201316,0.0592687340301974,115.39941637630665,0.2931707317073171,54.43492063492064,7,9
1,instrumental funk,0.3012511305279589,0.6279604969456998,259509.63557118757,0.5503338620444407,0.3866319432332673,0.12677303935799,-10.958947659395498,0.0612566219762597,104.14524191315628,0.6066167257352802,40.1307255950885,0,3
1,ebm,0.0295742678714927,0.6200974466891134,296986.8655723905,0.7626191358024691,0.4509578397306396,0.2788940404040404,-10.05773092031425,0.0675995202020202,126.22476254208752,0.4852825476992144,34.51565656565656,7,2
1,experimental vocal,0.6789238904641349,0.5700016877637132,330709.9924050633,0.2853698143459916,0.3838908721687764,0.115807805907173,-17.374817299578062,0.0438242616033755,106.54704894514768,0.3542034599156118,44.17932489451477,6,9
1,mambo,0.6566371578827292,0.600438724746876,199446.41028977852,0.5712336666866934,0.3064730456479042,0.1792382263062711,-9.545076998670051,0.0582507281021206,119.0691688413572,0.7272083409595129,21.189022389452813,7,5
1,easycore,0.1204724409523809,0.5496571428571427,184764.2285714286,0.9196666666666664,0.0025860371428571,0.2165838095238094,-3.9774285714285713,0.1317380952380952,126.5775904761905,0.5672761904761904,45.59047619047619,8,4
1,classic italian folk pop,0.9178693438914028,0.4124185206133735,186323.22354198087,0.2051800653594771,0.175102416899824,0.2480480989190548,-15.031081416540973,0.0419405982905982,102.09357981397687,0.4455915975364505,6.271524635495225,10,5
1,melodic metalcore,0.0683611178737267,0.4175634465158457,233217.19138333705,0.8845257001568169,0.0901082132234038,0.2222954002904524,-5.1360112666666415,0.1160039562491757,126.3978002762626,0.3052104274622976,46.34047254910077,7,8
0,norwegian death metal,0.0066512833333333,0.1856666666666666,416115.66666666674,0.9123333333333332,0.1517396666666667,0.2269999999999999,-5.176,0.1086666666666666,140.60033333333334,0.1105666666666666,43.33333333333334,7,8
1,soca,0.1616699136904761,0.7244847470238098,226395.74627976192,0.6957220982142853,0.0087377983854166,0.1496286458333333,-6.860876860119048,0.1688355654761904,120.1278050595238,0.7730989583333335,46.90699404761904,5,4
0,okc indie,0.1318047965811966,0.4243504273504273,333178.95726495725,0.453094017094017,0.1079735521367521,0.2156153846153846,-12.348247863247863,0.0465649572649572,141.85684615384616,0.5384273504273503,36.5897435897436,8,0
1,psychedelic doom,0.059968238125,0.30550625,347691.1875,0.7418125,0.6558653125,0.15213125,-8.5719375,0.05741875,117.1611875,0.334875,43.0625,1,3
1,ambient idm,0.4775,0.3505,364264.0,0.5794999999999999,0.46250715,0.1205,-10.509999999999998,0.0575,150.4915,0.2385,54.0,8,8
1,keroncong,0.8959999999999999,0.3735,165780.0,0.278,2.545e-05,0.2145,-13.6345,0.03595,132.27250000000004,0.56,16.0,2,5
0,korean classical performance,0.9130952380952382,0.3131690476190476,305278.5714285714,0.1228166666666666,0.6104451428571428,0.1222119047619047,-25.581880952380956,0.0627190476190476,91.1592619047619,0.2238309523809524,46.83333333333333,9,1
1,background music,0.8894077777777775,0.2581319444444444,184549.44675925927,0.1113050694444444,0.8253185441203703,0.1274606481481481,-25.691812500000008,0.0442287037037037,87.01200231481482,0.1336537037037037,61.71527777777778,7,1
1,ukrainian choir,0.922,0.292,642573.0,0.246,0.525,0.107,-14.96,0.0385,109.766,0.0859,49.0,2,9
1,chicago indie,0.1663421353443941,0.530774761186526,211891.383006536,0.6785253544494723,0.1262529030354449,0.1982682704876822,-7.748312242332831,0.0768721266968325,126.75564489693312,0.512121923076923,50.20268979386626,2,3
1,salsa,0.5444140651786988,0.6430070523101252,285627.2694639461,0.6538115731348023,0.0428151791094836,0.1884289847881347,-8.087019817725878,0.0531371863378108,115.7694865058546,0.8276510227063367,40.3118387491061,7,2
1,french jazz,0.7146631386260799,0.5492243685726039,218631.4868353216,0.3692746408885231,0.4460709224386398,0.1766280087755382,-13.70608209241739,0.0555470486768133,113.66785338955162,0.55724552104758,22.09053201700261,7,5
1,vapor soul,0.298181138688238,0.6182351052232441,224904.7883095817,0.5707808823374516,0.0730513196901971,0.1690152844398099,-8.155707619468933,0.077797104069896,111.7516307643695,0.4014023512497235,58.78218525189328,8,2
1,preschool children's music,0.5684400324053341,0.7478697622779517,131703.80485302533,0.4269973615464995,0.0015765861397067,0.1848780736863711,-10.852161252923324,0.1360826646700999,120.25167605395087,0.6900911641040952,42.76112355077873,7,4
1,meme rap,0.2094597342127841,0.770350415594166,166939.78111593734,0.6280268902831405,0.0484303671252681,0.1851070412376663,-8.041638596632348,0.2357961175461176,120.67393840626345,0.5678630791505793,63.10920205920207,1,4
1,rock urbano mexicano,0.1798655379273505,0.5150556623931624,262678.2478365384,0.6842338675213676,0.0298460132819177,0.1591459802350427,-8.914944951923081,0.0607020446047008,127.16395190972224,0.5114385349893162,51.20025373931625,4,3
1,singing bowl,0.916,0.0569,554747.0,0.00413,0.971,0.12,-30.684,0.0575,56.43600000000001,0.0245,45.0,3,1
1,french dnb,1.29e-05,0.255,303866.0,0.853,0.608,0.197,-5.166,0.186,175.208,0.162,50.0,2,8
1,video game music,0.4799100270187198,0.4106590790880121,207274.44353415567,0.4852693861326011,0.596145734171654,0.1504116492009563,-12.56594979585658,0.0532142359764501,114.2764123915746,0.2854925927715083,50.546237905300295,2,3
1,art rock,0.2965775587064535,0.4977119857814095,276878.3248675955,0.5664272798175694,0.1900378010049796,0.1919497117149578,-11.412487050381651,0.0559253285536446,120.91833433140066,0.5178603495627799,36.804587762338464,9,2
1,hip hop,0.160807047273396,0.7211489482886427,247487.6881424673,0.6713069303683112,0.0266888534459739,0.2174128168220476,-7.574801263734236,0.2201810458260126,111.98195637445592,0.5845543120090169,48.97433067109839,1,4
1,lancaster pa indie,0.19994,0.5009285714285714,323998.2857142857,0.5078571428571428,0.0260818857142857,0.1522714285714286,-11.204785714285716,0.0446428571428571,132.56564285714282,0.3972857142857143,44.57142857142857,4,3
1,ranchera,0.6236500992320974,0.5311245747075304,206307.7550445882,0.3849148427197365,0.0182064759961999,0.2068293150503424,-9.760754177119376,0.0565601067495385,124.37809352848664,0.6216720847643538,38.51056164817796,0,3
1,bow pop,0.5384474577685163,0.4439914283121679,243772.9129904908,0.4315745385648516,0.4210936048107325,0.1811534242313224,-13.376118578993086,0.0558127612305006,118.4451779059332,0.3768568396483545,43.46647198014357,2,3
1,one-person band,0.4540171958333333,0.57162,201601.2,0.725125,0.1234173833333333,0.2968375,-6.712541666666668,0.0803575,106.786425,0.5988066666666666,31.88333333333333,11,2
1,czech classical piano,0.9833333333333332,0.3286666666666666,380135.33333333326,0.1514666666666666,0.6016666666666667,0.2307666666666667,-21.276333333333326,0.0565,98.32033333333334,0.1463,9.333333333333334,7,9
1,icelandic classical,0.942875,0.3646250000000001,167945.5,0.1045375,0.944,0.1335,-23.350875,0.0400625,107.649125,0.114625,58.125,7,1
1,san diego rap,0.1851383333333332,0.7899683333333335,235927.63333333336,0.6046933333333333,0.0057830675333333,0.2948055,-8.230711666666666,0.1634136666666666,109.781645,0.4534900000000001,51.55833333333332,11,4
1,swedish progressive metal,0.1370047555555555,0.3270000000000001,517439.8888888889,0.6717777777777778,0.2484577777777778,0.1751222222222222,-7.071666666666667,0.0451666666666666,114.7816666666667,0.2214444444444444,46.44444444444444,9,8
0,spiritual hip hop,0.0457,0.594,366067.0,0.913,0.000191,0.284,-4.545,0.294,92.038,0.735,52.0,11,0
1,japanese chillhop,0.5157549809056191,0.6788269912711402,181513.57610474632,0.4412104473540645,0.5004160977052646,0.1783859383524277,-11.313399618112385,0.2702792007637753,107.74129003000544,0.5190167212220402,53.20567375886525,7,4
0,yiddish folk,0.946,0.385,218107.0,0.173,0.000134,0.314,-16.169,0.0407,94.019,0.212,31.0,2,9
1,metal mineiro,0.0066345395652173,0.3760000000000001,262165.7826086957,0.9346521739130432,0.1089548260869565,0.1561652173913043,-6.263043478260869,0.1192956521739131,115.90504347826088,0.2227086956521738,44.17391304347826,11,8
1,cathedral choir,0.9757777777777776,0.1475629629629629,198348.7407407408,0.0524296296296296,0.1040801925925926,0.1201629629629629,-29.629,0.0520518518518518,81.41151851851853,0.0825555555555555,41.29629629629628,8,1
1,canterbury scene,0.3738276785714285,0.4569982142857142,354536.19375,0.5536151785714285,0.3731072739285714,0.3177723214285714,-12.684620535714286,0.0459935714285714,112.64164732142856,0.3749560714285714,33.10178571428571,10,2
1,chinese classical,0.918,0.389,241933.0,0.447,0.904,0.0878,-18.247,0.0439,130.27,0.197,0.0,2,9
0,deep smooth jazz,0.3902833333333333,0.5693333333333334,284371.0,0.4930583333333334,0.6300166666666667,0.1230666666666666,-13.126,0.0375833333333333,103.50283333333331,0.5584833333333333,46.83333333333334,8,0
1,hong kong rock,0.552,0.725,274693.0,0.526,0.00013,0.115,-12.166,0.0309,112.811,0.479,39.0,5,3
1,happy hardcore,0.1437833333333333,0.5525555555555555,292996.61111111107,0.9217222222222224,0.0718923296296296,0.2883444444444445,-4.9155,0.2087148148148148,149.2655,0.4303777777777777,27.796296296296298,7,8
1,dirty south rap,0.0988434631990304,0.7455249087689093,263657.4674463762,0.679958252456399,0.0042560063904059,0.2184423842951206,-6.512392648024727,0.2020364464478044,123.54280278539852,0.5722295229047969,46.85655343919481,1,4
1,french psychedelic,0.321745,0.446,284672.5,0.7090000000000001,0.0907625,0.3105,-6.632000000000001,0.038325,127.30475,0.43475,55.75,10,2
0,soviet synthpop,0.18,0.711,256336.0,0.715,3.620000000000001e-05,0.126,-8.571,0.0332,128.053,0.899,43.0,3,0
1,french indie pop,0.4425583333333334,0.6771666666666666,252144.3055555556,0.5465277777777776,0.1680410663888889,0.1848055555555556,-10.77388888888889,0.0431833333333333,116.92588888888888,0.5149611111111111,53.94444444444444,7,2
1,cumbia paraguaya,0.2025,0.7911666666666666,223248.66666666663,0.8290000000000001,9.4e-06,0.1621666666666666,-4.522,0.0647166666666666,110.96133333333331,0.8360000000000001,57.5,7,4
1,mexican indie,0.2418313862433862,0.6069719576719579,275357.8740740741,0.6278153439153438,0.0378497314550264,0.2122513227513228,-8.094631746031746,0.045852328042328,127.78784232804232,0.4809354497354498,55.68359788359788,5,2
0,american oi,0.5382361999999999,0.4955200000000001,158653.27999999994,0.51652,0.3233761200000001,0.349756,-12.559320000000003,0.0459,142.33868,0.7918399999999999,26.72000000000001,5,5
1,afro-funk,0.1375592592592593,0.8031481481481482,286121.48148148146,0.7242962962962963,0.0798404222222222,0.0937037037037037,-8.909833333333333,0.0959462962962963,114.17362962962964,0.8796296296296297,28.33333333333333,0,4
0,bc underground hip hop,0.28318,0.7624000000000001,203453.58,0.68682,4.52e-06,0.130028,-5.40244,0.14084,122.5615,0.53162,51.78,0,0
1,miami indie,0.1472,0.6455,236582.5,0.5385,0.012445,0.0982,-9.217,0.04605,79.0175,0.7240000000000001,56.5,6,2
1,musica popular paraense,0.5702,0.6406,185789.4,0.5156000000000001,3.074e-06,0.1692199999999999,-10.1072,0.11974,136.36459999999997,0.7120000000000001,42.0,2,4
1,french baroque,0.935948717948718,0.4219316239316239,136237.54273504272,0.2336059829059829,0.7743888888888889,0.1284068376068376,-18.556555555555555,0.0518987179487179,115.42496153846152,0.5340854700854702,10.681623931623934,2,5
1,western mass indie,0.1089833333333333,0.6525,281974.33333333326,0.8596666666666669,0.2757591666666667,0.1295,-6.711333333333332,0.04395,118.6035,0.6923333333333334,44.5,6,2
1,straight-ahead jazz,0.7239456897477188,0.4771698872785829,320530.1623725174,0.2130763016639828,0.6419340109447127,0.1893611111111111,-17.683395061728394,0.042000805152979,109.48339506172842,0.3614476113794953,33.62694578636607,5,9
1,peruvian rock,0.4886545454545454,0.5652363636363636,242681.1454545455,0.7301272727272727,0.0023012218181818,0.1353963636363636,-7.726545454545453,0.05814,130.11821818181818,0.7573090909090908,42.16363636363637,11,2
1,chamber ensemble,0.8665,0.3395,183153.5,0.25995,0.7979999999999998,0.1634999999999999,-20.0105,0.0442,163.43800000000005,0.4435,43.5,3,9
0,euphoric hardstyle,0.1397624363636364,0.5125181818181818,210220.7909090909,0.8573,0.0680298736363636,0.278250909090909,-4.3251,0.0775781818181818,140.42166363636363,0.3275181818181819,15.963636363636365,9,8
1,jazz metal,0.0005488333333333,0.4815,344568.33333333326,0.9445,0.4335729999999999,0.22805,-5.676166666666667,0.0667,145.98666666666668,0.5626666666666666,47.0,10,8
1,anglican liturgy,0.933919191919192,0.2392565656565657,218504.58585858587,0.1345641414141414,0.3680460555555555,0.138190404040404,-21.54920202020202,0.0601651515151515,86.86002525252525,0.2706393939393939,21.21212121212121,0,1
0,trio cubano,0.884,0.507,238000.0,0.516,4.77e-06,0.121,-18.978,0.0346,95.485,0.967,5.0,11,5
1,son cubano clasico,0.7465773809523809,0.608922619047619,181605.67857142852,0.4240654761904761,0.1169285146428571,0.1270875,-12.829202380952385,0.0713065476190476,122.11048214285717,0.8471428571428572,10.797619047619047,5,5
1,israeli rock,0.5052186335403728,0.5901341614906833,216193.04130434783,0.4719939958592131,0.0016502956024844,0.1276114492753623,-12.553781987577642,0.0677989233954451,116.06733706004142,0.5429133540372671,41.674948240165634,2,3
1,utah indie,0.5559666666666667,0.4336666666666667,201822.66666666663,0.3483333333333333,0.00240447,0.1810333333333332,-9.945,0.0322,110.42433333333334,0.2236666666666666,53.0,6,3
1,rock cristiano,0.2997030394412878,0.4872892992424242,347648.68205492425,0.5648446969696971,0.0009810900994318,0.324655303030303,-7.085971117424244,0.034406865530303,121.25810677083334,0.2682623579545454,54.39749053030302,11,2
1,jazz venezolano,0.7383181818181819,0.6114999999999999,186705.0909090909,0.4721363636363637,0.0140725,0.1842,-10.568863636363636,0.05365,105.96577272727274,0.7998181818181818,32.0,7,5
0,guadalajara indie,0.0656399999999999,0.7998,294960.0,0.6978000000000001,0.0128923,0.0768399999999999,-10.9404,0.05636,108.6126,0.8059999999999999,54.8,5,0
1,girl group,0.13049053985827,0.6916316568137839,230177.9891016134,0.697885535754616,0.0126430561590227,0.1803605794639433,-6.546728055611509,0.0823158187877485,116.14815180816356,0.62982955751318,50.68277135607089,7,4
1,cape town indie,0.561,0.342,275040.0,0.7,0.00121,0.0994,-5.955,0.0449,150.04,0.118,50.0,8,8
1,glitchcore,0.2351690771604938,0.6350447530864198,164504.37962962964,0.6233641975308643,0.0122971997530864,0.2156691358024691,-6.768564814814815,0.1057004629629629,131.07443209876544,0.5801500000000002,62.48456790123456,6,4
1,free folk,0.00961,0.639,294867.0,0.669,0.912,0.162,-7.532,0.0553,82.00399999999998,0.609,39.0,11,2
1,irish singer-songwriter,0.8093463636363637,0.4828592424242424,247628.8462121212,0.2361663636363636,0.0090583366590909,0.1408050757575757,-12.827203484848486,0.0379050303030303,120.15128651515153,0.3020106666666666,50.59378787878788,0,3
0,atmospheric sludge,2.71e-05,0.29,348640.0,0.7170000000000001,0.816,0.706,-9.439,0.0556,110.271,0.236,40.0,9,6
1,mexican pop,0.3184535948377098,0.6468872862307965,232802.4994740005,0.6344273140814541,0.008945099447993,0.1885651448234741,-7.370806929405676,0.0578801980641479,126.3429516961812,0.5630584386284547,57.12792212313831,7,2
0,celtic harp,0.963,0.3229999999999999,352573.0,0.0679,0.522,0.327,-23.649,0.0369,145.44299999999996,0.263,38.0,4,9
1,kaneka,0.3079411764705882,0.7887058823529409,217219.11764705885,0.5768235294117647,0.0,0.0888058823529411,-5.824823529411766,0.1181411764705882,105.10670588235293,0.8233529411764708,51.235294117647065,7,4
1,israeli hip hop,0.206,0.7170000000000001,264420.0,0.615,1.92e-05,0.289,-7.585,0.0358,101.5105,0.7935,49.0,10,2
1,canadian latin,0.1788806451612903,0.7480967741935484,245408.9354838709,0.7186774193548383,0.0040057767741935,0.1424483870967741,-6.034032258064518,0.0718354838709677,115.3375483870968,0.6805161290322581,58.193548387096776,10,2
1,hard bop,0.7465607264184735,0.5140475078965351,344466.95943775657,0.3297139500626858,0.3602292740538979,0.1873678154842019,-14.527757740928536,0.054811184151074,112.73214524100968,0.5100385084450713,19.00573049523805,5,9
0,australian ska,9.57666666666667e-05,0.3126666666666666,211724.66666666663,0.9946666666666668,0.0001827,0.1561,-4.355999999999999,0.1586666666666666,148.061,0.2289,43.33333333333334,9,8
1,grime,0.136450195054945,0.7260694597069596,227759.48525641023,0.7664949633699634,0.0302664055915751,0.1863200091575091,-5.605150686813187,0.1293259386446886,122.44436140109887,0.5656873626373626,58.18919413919414,7,4
1,pop folk,0.7400615384615383,0.4846538461538462,258178.2615384615,0.3035661538461539,0.0566476323076923,0.0964238461538461,-11.886996153846152,0.038515,114.63844615384616,0.2696296153846154,59.45384615384616,3,3
1,hardcore hip hop,0.1273392788606677,0.7441812218534981,251824.81285664605,0.6967769478292078,0.0163467339754237,0.2206738796981344,-7.8309196892566115,0.2728907089814729,107.03736962043234,0.6376918384078938,44.856904656819545,1,4
1,cuatro venezolano,0.6367380952380951,0.6386904761904763,211441.9047619048,0.5337619047619048,1.5055714285714288e-05,0.1508380952380952,-8.832309523809524,0.0626023809523809,127.68890476190478,0.8321190476190475,36.0,7,2
0,humppa,0.6729999999999999,0.775,151480.0,0.487,0.0,0.203,-11.048,0.122,127.385,0.921,38.0,2,0
1,estonian pop,0.36,0.5192857142857142,173050.85714285713,0.8395714285714285,0.005954,0.3065714285714285,-5.035571428571427,0.1681857142857143,123.61114285714288,0.5107142857142858,58.42857142857143,8,4
0,nintendocore,0.0557032596638655,0.4434453781512605,231674.49789915964,0.8800430672268907,0.0859699203781512,0.2240855042016807,-5.475073529411764,0.1129718487394958,139.46998004201677,0.3976039915966386,46.53151260504202,5,8
1,second line,0.285453,0.6891,271498.7333333333,0.667,0.1264899733333333,0.201,-10.596733333333331,0.1368,114.67603333333334,0.7552000000000001,35.533333333333346,6,4
1,worcester ma indie,0.3064583466666666,0.5052,196792.66666666663,0.7396666666666666,1.3719999999999996e-05,0.2831666666666667,-6.1323333333333325,0.1062,123.32393333333334,0.4664666666666666,46.2,5,4
1,bluegrass fiddle,0.6137583333333333,0.4176125,228522.21666666676,0.397525,0.34099905,0.2274233333333333,-15.445358333333331,0.0368166666666666,118.84693333333333,0.6685458333333333,22.366666666666664,7,5
1,australian trap,0.1951111111111111,0.7566666666666667,177615.5555555556,0.5748888888888889,2.9533333333333324e-05,0.2350222222222221,-6.343333333333334,0.1877777777777778,147.6844444444445,0.7453333333333333,58.11111111111111,0,4
0,dutch trance,0.0343445222222222,0.5951222222222222,187241.36666666667,0.8719000000000001,0.5240901754444445,0.2942622222222222,-6.890666666666665,0.0769711111111111,134.06306666666669,0.3142388888888889,37.01111111111111,11,0
1,christian trap,0.1768918749999999,0.7381833333333334,275067.74166666664,0.7468520833333333,0.0757164645833333,0.1626106249999999,-6.761641666666666,0.1909710416666666,128.35792708333332,0.5668729166666665,47.25208333333334,1,4
0,austropop,0.21876,0.7496,262367.8,0.7114,0.0007976839999999,0.12028,-10.1848,0.0662,129.04479999999998,0.8437999999999999,55.4,9,0
1,neo-traditional bluegrass,0.6662708333333333,0.5688875,219723.91666666672,0.4758916666666668,0.0073024952499999,0.2208795833333332,-9.7192875,0.0335745833333333,141.92939999999996,0.573875,42.15,7,2
1,bouncy house,0.082115,0.532,239083.5,0.8079999999999999,0.0150356333333333,0.2003333333333333,-6.811166666666668,0.2116666666666666,166.50883333333334,0.6041666666666666,53.66666666666667,7,8
0,belarusian pop,0.0285,0.33,292027.0,0.913,0.00548,0.346,-2.21,0.045,175.91299999999995,0.294,57.0,7,8
1,folktronica,0.439015,0.5644833333333332,292933.25,0.5776166666666667,0.216529906,0.2653066666666667,-9.557083333333331,0.0685333333333333,114.28933333333332,0.4637000000000001,50.43333333333332,9,2
1,punk blues,0.1429757850669385,0.463835132094573,204737.7182139782,0.7854455494560854,0.108366527908624,0.2152599735305038,-6.964167965431425,0.0761330625133593,131.7983467864584,0.567532561345146,40.12639352059221,9,2
1,albany ny indie,0.0005639999999999,0.852,215427.0,0.251,0.7559999999999999,0.0957,-13.225,0.0683,141.759,0.186,0.0,8,5
0,contemporary classical piano,0.9515339285714288,0.3382642857142857,478655.4267857143,0.0782940714285714,0.5368124733571429,0.1965758928571429,-30.93705357142857,0.0795435714285714,82.1374125,0.2529394642857143,31.8125,4,1
1,calypso,0.8619906169683835,0.5948894681819064,181484.1325087739,0.4527619662636156,0.2337493889588287,0.2528329175182202,-11.093817654313364,0.1150348065985294,110.11643527241104,0.8066100680298751,5.941478166932428,5,5
1,canadian children's music,0.7508191964285715,0.6962991071428571,116325.63839285714,0.2566930803571428,0.0119661908258928,0.1795703124999999,-13.773508928571427,0.1215627232142857,116.69703794642858,0.6821294642857145,37.35714285714285,7,5
1,proto-techno,0.112926787425044,0.6465384259259258,273529.6738095238,0.7548753306878306,0.675659924111552,0.2855514373897707,-9.050650352733683,0.0623022178130511,126.23073619929455,0.4461172398589065,30.44704585537919,0,3
0,hardstyle,0.0508422222222222,0.5073055555555556,212040.4444444444,0.9350555555555556,0.0176037777777777,0.3014583333333333,-2.8628333333333336,0.1742444444444444,143.99458333333334,0.2448333333333333,1.6666666666666667,9,8
1,psychobilly,0.1230925061728395,0.4765095238095238,217706.71525573192,0.8639687830687831,0.0888435412169312,0.218933139329806,-6.516635802469136,0.0787941534391534,142.08774268077602,0.6298740740740739,38.80864197530864,11,2
1,chill pop,0.624818125,0.7429375,195620.3125,0.4385625,0.2557583,0.1340249999999999,-8.02825,0.11451875,100.5376875,0.8222499999999999,29.125,10,5
0,j-reggae,0.2873333333333334,0.5596666666666668,287520.33333333326,0.6096666666666667,0.006904,0.1133333333333333,-6.6626666666666665,0.0363,118.24133333333334,0.5993333333333334,47.0,10,0
1,classical oboe,0.8987500000000002,0.3228,321331.75,0.123625,0.8553749999999999,0.2873125,-21.46125,0.0478375,96.429875,0.287825,44.375,7,1
0,hindi indie,0.1178166666666666,0.6891666666666667,254199.5,0.6338333333333334,0.000763,0.1319,-7.531666666666667,0.04245,110.21333333333334,0.7958333333333334,46.0,11,0
1,haryanvi pop,0.994,0.562,175340.0,0.2,0.64,0.15,-11.224,0.075,98.561,0.216,0.0,10,5
0,electronica argentina,0.2599666666666667,0.5813333333333334,189243.66666666663,0.6896666666666667,0.001456,0.1637666666666667,-6.934333333333334,0.0334666666666666,128.57666666666668,0.669,64.33333333333333,4,0
1,brass quintet,0.994,0.273,285773.0,0.0313,0.8290000000000001,0.0718,-21.431,0.0324,98.771,0.229,27.0,10,1
0,uk dancehall,0.1057285714285714,0.8319714285714286,218157.74285714285,0.6156857142857143,4.134600000000001e-05,0.3077942857142857,-7.2794,0.0703428571428571,122.357,0.8054285714285714,60.17142857142856,6,0
1,new wave pop,0.2140884715482327,0.6050685234015167,252398.3974419493,0.6495694630898226,0.0594098215995001,0.1878994485601186,-10.021141277908242,0.0488408378830896,120.94121525529091,0.6286389796084213,43.71101207026327,9,2
1,australian indie folk,0.3347592592592593,0.5263749999999999,275284.74537037034,0.5451666666666667,0.042583737037037,0.1599296296296296,-9.823430555555555,0.1032523148148148,118.4320324074074,0.3856796296296296,56.38888888888889,5,3
1,ukrainian classical,0.9255537313432842,0.272909552238806,198475.23283582093,0.1396248208955224,0.5045225044776123,0.1933771641791045,-23.5472328358209,0.0446870149253731,89.27487910447759,0.2811837313432836,27.332835820895525,5,1
1,retro soul,0.2275703333333333,0.5758633333333333,254664.47666666663,0.6427766666666667,0.0189241962666666,0.1655106666666666,-8.172986666666667,0.0468453333333333,125.97241333333332,0.6409366666666667,47.16,7,2
1,k-pop,0.186775346464876,0.6756199607905342,214447.59942306625,0.7431872989629196,0.0070935684701126,0.191610872435983,-4.437254246686772,0.0880073336861051,118.14636668988794,0.5914783752956174,63.556654131282464,10,2
1,beatlesque,0.2927142276591398,0.5023415523497666,227080.3159060056,0.6543532555063418,0.0400699477560203,0.2520313145302472,-8.506916781636452,0.0518633953115889,124.45471763916444,0.5975249049450461,39.729592484390174,9,2
1,minneapolis indie,0.2674692416225748,0.5963051146384479,274549.4991181657,0.6475467372134038,0.1440832733333333,0.2186479717813051,-8.246335097001765,0.0840185185185185,136.0242222222222,0.5441139329805996,24.70546737213404,9,2
1,halloween,0.6424057179987003,0.5824266406757634,140645.62641325535,0.5945050357374919,0.0451729779168291,0.3693799707602339,-12.565361695906432,0.3011350519818063,127.8132329759584,0.5434557504873294,34.53752436647173,7,4
1,japanese idm,0.979,0.3779999999999999,258873.0,0.3695,0.8515,0.08945,-14.1665,0.03695,115.0775,0.1189,46.0,10,9
1,kawaii metal,0.000304725,0.46625,240353.75,0.9662500000000002,0.22580875,0.3509,-2.6232500000000005,0.16655,131.12875,0.38475,60.25,1,8
1,neo-trad metal,0.0067571957142857,0.3342619047619048,268260.9285714286,0.9181904761904762,0.0576039095238095,0.2669904761904761,-6.0014047619047615,0.1025571428571428,149.84604761904762,0.3048190476190477,37.16666666666666,3,8
1,deep contemporary country,0.3923020833333333,0.586125,190655.07291666672,0.5510937499999999,7.1715625e-06,0.1576999999999999,-10.23053125,0.03163125,123.08906250000004,0.6066458333333333,31.260416666666664,9,2
0,chanson paillarde,0.4216266666666667,0.6602666666666669,174782.2,0.5922,0.0376977173333333,0.1782866666666666,-9.0652,0.0503866666666666,119.96706666666668,0.7388000000000002,41.333333333333336,9,0
1,musica ayacuchana,0.6809999999999999,0.589,270380.0,0.7795000000000001,5.570000000000001e-05,0.135,-5.186,0.0375,125.593,0.733,48.0,7,2
0,cumbia funk,0.0845,0.6940000000000001,398733.5,0.722,0.4475,0.2125,-10.396,0.05045,121.241,0.8180000000000001,37.5,1,0
1,afro psych,0.2280666666666667,0.6243333333333334,331866.66666666674,0.722,0.1449692433333333,0.2333333333333333,-10.926333333333332,0.0545333333333333,111.682,0.8303333333333334,36.0,7,2
1,japanese jazz,0.5753806541626796,0.5716379229892914,338689.0876038582,0.3774472738512949,0.5545203804122428,0.114828653877117,-15.089015197387411,0.0430237499506341,110.16059935110503,0.502097286215539,30.85535414293309,7,9
0,russian alternative rock,0.0617616666666666,0.5091666666666667,289413.6666666666,0.7821666666666667,0.0028583666666666,0.2345666666666667,-7.131833333333333,0.0398166666666666,142.28916666666663,0.4883333333333333,52.66666666666667,7,0
0,classic iskelma,0.7090000000000001,0.8126000000000001,191480.0,0.5046,0.1456,0.3038,-9.872800000000002,0.0712,118.6122,0.9754000000000002,18.8,11,5
1,minneapolis punk,0.0007228341666666,0.30875,168085.5,0.9306666666666666,0.1505274383333333,0.2548083333333333,-5.4623333333333335,0.1446916666666666,154.24016666666668,0.4610833333333333,41.583333333333336,6,8
1,nz singer-songwriter,0.368,0.5614,245596.0,0.419,0.0005239999999999,0.2294,-10.3232,0.03128,92.8026,0.3568,51.4,2,3
1,broken beat,0.2122875,0.5915416666666666,295309.33333333326,0.5805833333333333,0.3409710833333333,0.1013,-10.923833333333334,0.1314041666666666,111.81879166666666,0.6695000000000002,35.916666666666664,7,2
1,japanese piano,8.503333333333333e-05,0.7000000000000001,327444.33333333326,0.879,0.8316666666666667,0.3640000000000001,-7.490666666666666,0.049,122.74666666666666,0.395,30.0,7,6
1,phonk,0.1831261735714286,0.7353703373015873,178514.7493055556,0.6032942460317462,0.1863932282341269,0.1986084325396825,-8.153143650793654,0.1560577182539682,118.95957083333336,0.5255949404761903,54.03204365079366,1,4
0,bleep techno,0.1104886140350877,0.4948040935672514,293236.7192982456,0.7473654970760233,0.5012074035087719,0.2230438596491228,-7.720377192982457,0.0827707602339181,139.19427777777778,0.5517555555555557,46.020467836257296,11,0
1,portland metal,2.8295000000000013e-05,0.1855,305793.5,0.911,0.2495,0.2269999999999999,-4.7425,0.0903,143.274,0.3179999999999999,50.5,11,8
0,deep g funk,0.00146,0.6709999999999999,260622.0,0.7993333333333332,1.4599999999999994e-05,0.3018,-4.597666666666666,0.1825666666666666,142.49166666666667,0.6456666666666666,35.666666666666664,4,0
1,shaabi,0.0939,0.725,220867.0,0.594,0.0,0.22,-5.242999999999999,0.0496,91.794,0.25,53.0,2,3
1,rock nacional,0.2892881740558293,0.5493334154351394,263936.07889983576,0.5794524302134649,0.0610689703916256,0.1949192980295567,-10.738731198686375,0.0500483210180624,113.76593784893268,0.5567424055829229,52.24971264367817,7,2
1,american choir,0.895728896103896,0.229740742481203,212363.2002734108,0.209583198051948,0.1553976012559808,0.336345078605605,-19.877883885850988,0.0968618421052631,103.75853251025288,0.1959252093301435,23.71227785372523,6,9
1,vintage dutch pop,0.851,0.474,243157.5,0.3149999999999999,0.002465,0.476,-18.6735,0.555,89.24799999999999,0.3775,9.0,7,7
1,nwothm,0.0009083366666666,0.2105833333333333,245600.41666666663,0.9140833333333336,0.0063786075,0.2771666666666667,-6.5343333333333335,0.1179,149.87991666666662,0.2915833333333333,38.083333333333336,0,8
1,vintage chanson,0.9358667353618608,0.5588614841408591,184086.6388881396,0.2382528604173605,0.0440111648023438,0.1930594461760462,-14.692631651029524,0.1304487893883894,109.48175669640084,0.5827646986069486,1.9689601370851364,7,5
1,japanese punk rock,0.0349433333333333,0.4816666666666666,231173.33333333328,0.8646666666666666,4.860000000000001e-05,0.347,-5.9460000000000015,0.0407666666666666,154.78833333333333,0.6459999999999999,47.33333333333334,0,8
1,early avant garde,0.7901706528637159,0.5713699528002539,370381.8570521973,0.1543608279787402,0.0993099756960971,0.1947717733618912,-19.63069843725211,0.4750754006028876,117.14225646517532,0.3715174579565286,2.364945264159924,11,7
1,chamber choir,0.9657273846842812,0.1779661777877295,269949.19648455,0.122330947156292,0.5587758519032691,0.1854481862964622,-23.29103112404836,0.0445806874160322,91.57090472458574,0.1198661106135244,39.87136139722347,2,1
0,el paso indie,0.1964873915343915,0.3550833333333333,288548.37037037034,0.6988134920634921,0.1960771635978836,0.2866666666666667,-7.155010582010582,0.1103638888888888,122.24790608465608,0.2493144179894179,47.3452380952381,11,8
1,musica tropical guatemalteca,0.1707999999999999,0.6545000000000001,552447.0,0.6094999999999999,1.055e-05,0.4975,-9.508,0.0406,131.18099999999998,0.9435,35.0,7,6
0,danish electropop,0.946,0.542,247818.0,0.16,0.928,0.263,-21.672,0.0365,126.921,0.198,53.0,7,9
1,post-punk,0.1464205221085972,0.5196542024067474,236505.7945715701,0.6688457339369721,0.2472712274685816,0.1859970886701478,-10.100759739743166,0.074956911772567,126.37978716934504,0.5686576052076772,33.99377071632755,9,2
0,dark hardcore,0.1212971428571428,0.4955714285714286,274039.0,0.9644285714285712,0.0016261971428571,0.2042,-3.2018571428571425,0.1812857142857142,174.3077142857143,0.3507142857142857,0.0,4,8
1,swedish tropical house,0.16325,0.6505000000000001,208216.0,0.503,0.012300905,0.09345,-6.733,0.0394,135.03749999999997,0.2235,63.0,6,3
1,classical era,0.9610112948021712,0.374795236308852,259973.04186979128,0.1486625859318909,0.548126960499848,0.1509551189823212,-20.49400236397568,0.050937318450165,110.3671842107917,0.343930803383632,9.711394903943113,10,9
1,japanese alternative rock,0.03782675,0.54375,250513.5,0.8580000000000001,0.336685,0.10345,-5.02,0.0623749999999999,95.92075,0.5387500000000001,60.25,8,2
1,russian modern classical,0.9478363804516668,0.3473006809834156,361189.15526281897,0.1964732495692737,0.6342163038029969,0.1661653619340369,-18.36683783076337,0.0435250857093265,101.2969601420637,0.2567795437901031,4.538233974343592,0,9
1,kawaii future bass,0.1681888795351473,0.6593066893424036,229532.052154195,0.7024007936507937,0.1994803753968254,0.2784818027210884,-6.931193310657597,0.0747359410430839,122.15971598639456,0.4205880952380953,54.856575963718825,2,4
1,vintage swedish pop,0.7385090909090909,0.4458787878787879,166907.81818181818,0.3558378787878788,0.1363494048484848,0.2120666666666666,-14.91881818181818,0.0523575757575757,101.54651515151517,0.5514848484848485,19.43939393939393,10,5
1,italian romanticism,0.9587634900539856,0.3540222292193281,249504.7929113393,0.2329854229475199,0.2906956020815118,0.2555140206354329,-16.647047696501296,0.0663091868084413,99.0885602353984,0.3011760913157689,3.636323249273338,2,9
1,truck-driving country,0.7036625000000001,0.6214291666666667,186747.4055555556,0.5221402777777778,0.0017764013888888,0.1623397222222222,-12.839406944444448,0.1373018055555555,113.46346666666668,0.7165708333333334,31.25138888888889,7,5
1,trap mexicano,0.394,0.7999999999999999,226282.16666666663,0.7204999999999999,0.0,0.2408333333333333,-5.107666666666666,0.1999333333333332,121.03866666666666,0.8266666666666668,60.5,8,4
1,mellow gold,0.3272178265686663,0.5540149461839842,240934.7329068461,0.5617640818189418,0.040417691992578,0.1971107259464314,-10.706915020568342,0.0541945243905561,119.8430435017606,0.5880317415830978,38.36484908490819,7,2
1,spiritual jazz,0.5120988977278256,0.4317297645112633,354052.14220795024,0.4736222821485915,0.2266967424473069,0.1362094830438379,-13.178334800272465,0.0808952262443438,111.5326821193986,0.4300887267065634,27.691901425582643,5,9
1,bath indie,0.0970773333333333,0.5943333333333333,255380.0,0.7176666666666667,0.2364326666666666,0.1642333333333333,-5.216,0.0470666666666666,134.06333333333333,0.4463333333333333,58.0,2,3
1,chinese audiophile,0.7891428571428571,0.5287857142857143,243507.5,0.2611571428571429,0.0008806628571428,0.14985,-12.523714285714288,0.0373357142857142,130.95192857142857,0.4187142857142857,49.42857142857143,7,3
1,country boogie,0.7686026541764246,0.7258684621389541,153254.5534738486,0.4238329430132709,0.1413012461787666,0.174843481654957,-10.710885245901638,0.1066921155347385,138.64249336455893,0.860720843091335,11.163934426229508,7,5
1,slavic folk metal,8.08e-05,0.262,233520.0,0.928,4.760000000000001e-05,0.195,-2.795,0.0894,161.925,0.5329999999999999,61.0,9,8
1,kids dance party,0.2069581948051948,0.8041915584415585,178570.82792207788,0.625526948051948,0.0594326008603896,0.1832691558441558,-9.258949675324674,0.1525709415584415,117.42589285714288,0.7611834415584415,45.48214285714285,7,4
1,hungarian choir,0.959125,0.17085,254228.125,0.1273,0.6677500000000001,0.2415625,-21.399375,0.05455,84.982875,0.1616125,48.875,7,1
1,miami hip hop,0.1506655892006587,0.7268242233068339,220565.5272506352,0.6869106778739426,0.0093806733809794,0.2563823626636355,-7.315148296147455,0.1746385246257015,123.23670832181284,0.5414289288921846,52.80629432283871,1,4
1,glam metal,0.0682964675248528,0.4860716109344501,258307.5952689009,0.7708217259760239,0.0545614006020609,0.2327006047872142,-8.568864823183269,0.0603361588347798,124.01156025616343,0.4797565215176613,38.71648642779222,9,2
0,german house,0.0557933333333333,0.8336666666666667,355715.33333333326,0.6276666666666667,0.0494476666666666,0.0937333333333333,-6.383666666666668,0.0536333333333333,123.671,0.63,65.33333333333333,4,0
0,punjabi pop,0.3673285714285714,0.6957142857142857,234362.0,0.6891428571428572,0.2582647142857142,0.1995714285714285,-7.469428571428572,0.0927142857142857,108.56985714285716,0.7142857142857143,38.0,5,0
1,instrumental acoustic guitar,0.6853125,0.6645,237215.625,0.3585,0.69745,0.09921875,-13.226187499999998,0.0573,113.018125,0.513375,38.0,3,3
1,japanese indie rock,0.00318,0.526,250973.0,0.981,0.00161,0.187,-1.82,0.111,142.016,0.7809999999999999,72.0,8,4
1,electro-pop francais,0.3515333333333333,0.7081666666666667,271917.33333333326,0.5375,0.0156233333333333,0.2240333333333333,-8.393500000000001,0.0418333333333333,98.33766666666666,0.3733333333333333,60.5,5,3
1,south african choral,0.793142857142857,0.4921428571428571,204409.4285714285,0.2215428571428572,1.3785714285714285e-06,0.1466428571428571,-19.487571428571428,0.0969428571428571,92.69985714285716,0.5065714285714285,36.285714285714285,6,5
1,chill r&b,0.4214791174055828,0.6646171592775041,221023.1523809524,0.519022988505747,0.0005784032389162,0.1943249178981937,-8.257675615763546,0.1027566256157635,112.953807635468,0.5183082922824302,52.53998357963875,5,4
1,uk americana,0.5969830246339362,0.5664510864197531,256743.90060809645,0.4269440698248637,0.1308507760525524,0.1298046725236865,-11.635990650014357,0.0367937941429801,120.36685019638244,0.4280134214757393,46.354546655182325,2,3
1,burmese traditional,0.8276666666666667,0.4379999999999999,193311.0,0.0994,0.2330007833333333,0.1687333333333333,-23.432,0.0456666666666666,120.85200000000002,0.6459999999999999,0.6666666666666666,1,5
1,chutney,0.4086040106648513,0.6676957703653279,266180.9969071931,0.6376492239618791,0.1288738736421035,0.1627407557295212,-8.866174235307465,0.0887042675289312,124.66575575901976,0.8239402393918767,37.30752779668709,7,2
0,swedish underground rap,0.0771,0.758,193316.0,0.902,0.807,0.3670000000000001,-8.243,0.056,94.976,0.68,51.0,11,0
0,greek swing,0.9615333333333334,0.5407333333333334,200543.03333333333,0.3699666666666667,0.10063232,0.2332933333333332,-13.315499999999997,0.06177,120.06253333333332,0.7480333333333337,1.7333333333333334,7,5
1,spanish synthpop,0.1908333333333333,0.5893333333333334,223124.66666666663,0.8106666666666666,0.0001168933333333,0.1118333333333333,-8.015,0.0345,136.27433333333332,0.626,58.33333333333334,7,2
1,argentine hardcore,0.01081,0.6900000000000001,239713.5,0.6535,0.01150665,0.3726,-9.742,0.05555,109.5345,0.655,47.5,6,4
1,detske pisnicky,0.882,0.146,71019.0,0.283,2.06e-06,0.0866,-13.291,0.0339,177.275,0.217,14.0,3,5
0,sotalaulut,0.6729999999999999,0.775,151480.0,0.487,0.0,0.203,-11.048,0.122,127.385,0.921,38.0,2,0
1,jazz rock,0.2267263545379082,0.4114143545604311,274339.2136807085,0.6051975826765957,0.1212212387491562,0.2705073078485718,-11.55863720816915,0.0838585592622275,119.52430489138784,0.41708743309624,31.570297090318128,9,2
1,eurobeat,0.0658125128205128,0.5511794871794873,286200.05128205125,0.8808205128205127,0.0025719194871794,0.2236666666666667,-5.506717948717948,0.0455230769230769,144.6392564102564,0.7023333333333333,48.28205128205128,4,8
1,pops orchestra,0.8320688775510205,0.3213559948979592,261356.27933673467,0.2110625,0.5078769239158164,0.1810586096938776,-17.73514540816327,0.0747181122448979,124.69425573979588,0.3124246173469386,21.096301020408163,5,9
0,jazz double bass,0.7878936234690229,0.4783870796748256,385790.5826238457,0.266410457992891,0.5474240599557276,0.2713085547903894,-16.79731256210951,0.0512604828612498,114.11951497636127,0.3849716955769139,25.508930525274877,5,9
0,uplifting trance,0.0556525839506172,0.5334753086419755,278934.79835390946,0.8243086419753087,0.4446666358436213,0.2692456790123458,-6.780034979423868,0.061922427983539,132.25780452674906,0.2480440329218106,12.76543209876543,0,8
1,italian pop rock,0.3356666666666667,0.6333333333333333,319733.66666666674,0.3379999999999999,0.0010466666666666,0.1196,-15.29,0.0294666666666666,100.23366666666668,0.4826666666666666,48.66666666666666,5,3
1,mongolian pop,0.01635,0.7905,145398.5,0.4884999999999999,0.7195,0.3772,-9.4365,0.1845,92.035,0.43485,0.0,10,5
1,south carolina indie,0.3986169387755103,0.5795346938775511,301990.26122448983,0.4761959183673469,0.1813068998367347,0.1387877551020408,-9.658502040816328,0.0485914285714285,113.83729795918369,0.4406408163265305,45.3469387755102,11,2
1,classical mandolin,0.8064749999999999,0.473825,249990.925,0.3863875,0.357255,0.1648375,-13.759975,0.07409,109.14325,0.5119125,43.1,7,9
1,dance rock,0.1720177466542381,0.5817988331623376,247278.0451260989,0.6795574634546119,0.1248509871450265,0.1918519896442265,-10.031398298503913,0.0555166620840822,123.75546335618556,0.63718169116446,39.88097485142633,9,2
0,breton folk,0.931,0.123,351880.0,0.136,0.00355,0.13,-13.977,0.0412,72.363,0.037,52.0,10,9
1,connecticut indie,0.09535,0.6785,183609.5,0.6785000000000001,0.001232,0.176,-4.956,0.0522,125.0205,0.1965,47.0,7,2
1,finnish classical,0.922264705882353,0.1828044117647058,358639.01470588235,0.1595635294117647,0.7342941176470588,0.2328779411764706,-18.942852941176465,0.0409955882352941,89.14189705882353,0.074575,6.455882352941176,2,1
1,svensk progg,0.0101,0.411,247987.0,0.911,0.00185,0.133,-7.2639999999999985,0.0435,125.701,0.375,32.0,2,8
1,europop,0.1501407752120246,0.6623489237201414,241761.12082368985,0.7610824831189366,0.0675298758048555,0.1963861557471612,-7.68362193938432,0.054330726949568,123.10236063487686,0.6515378431010201,52.19089770908872,7,2
1,classic peruvian pop,0.6624107142857143,0.6254508928571428,218703.86160714284,0.601017857142857,0.0011742211607142,0.2150553571428572,-10.995178571428571,0.0747955357142857,146.54279464285716,0.7961874999999999,21.589285714285715,6,5
1,melancholia,0.4755157266891529,0.4893425813004286,248743.6884880617,0.4388749011022736,0.2063710664077264,0.1707811742520834,-12.121167622404531,0.0419028587412545,119.58967440757252,0.3862742726110448,44.09759189728343,9,2
0,ambient techno,0.12025,0.726,361744.66666666674,0.5588333333333333,0.3489,0.0939,-13.136666666666668,0.0317,122.89266666666668,0.8104166666666667,36.833333333333336,1,0
0,italo house,0.0178793846153846,0.7177692307692307,301557.84615384607,0.8110769230769228,0.2192449615384615,0.0770076923076923,-7.473846153846152,0.0453461538461538,115.47684615384615,0.8284615384615385,50.23076923076921,9,0
1,french indie folk,0.253,0.353,245987.0,0.4755,0.4947,0.1235,-10.0795,0.0349,115.6765,0.1196,57.0,3,3
0,celtic metal,0.0147078,0.4485714285714285,270862.7142857143,0.8941428571428571,0.0012593314285714,0.2687071428571429,-4.802142857142857,0.07535,118.92907142857143,0.3938571428571429,57.14285714285714,11,0
1,alternative metal,0.058247125931528,0.4588281151396744,245465.761759632,0.8308012093781899,0.1010593598200337,0.2100297731250429,-5.887320968125027,0.0826876575048229,126.2008731227211,0.4153036925825164,47.29666726624183,2,8
1,jazz violin,0.7492793299062049,0.5538085930735932,218304.05577290765,0.3764907525252525,0.3967215954852093,0.2882225258838384,-14.933094530122654,0.0882972721861471,118.2824866729798,0.6034009595959595,22.30566829004329,7,5
1,jangle pop,0.1246985575643131,0.4784793486590038,227170.6668390805,0.7151278078817732,0.0448681014378489,0.2135601275314724,-9.412471466885604,0.0438512509578544,135.78541339627802,0.6380242172961139,36.76703886152161,11,2
1,irish pop,0.323187,0.562735,193648.415,0.58716,0.0141440695,0.103569,-8.617595,0.0581855,129.430815,0.388836,60.685,11,2
0,italian metal,0.0007237999999999,0.4433999999999999,243352.0,0.8088000000000001,0.140364,0.1906,-4.8424000000000005,0.0384999999999999,136.253,0.22754,50.4,9,8
1,boogie-woogie,0.8373778104575164,0.5969962745098039,297502.95173202624,0.3547172875816993,0.2782124634542484,0.1735516699346405,-13.141851699346404,0.1178105522875817,115.9496475490196,0.6391505882352941,21.90807189542484,7,5
1,grindcore,6.669166666666666e-06,0.2334166666666666,173087.5833333333,0.9300833333333334,0.7361216666666667,0.1856916666666667,-12.581333333333331,0.0808666666666666,109.73691666666669,0.2244583333333333,36.0,2,8
1,destroy techno,0.0647877333333333,0.6419015151515152,235872.9924242424,0.7061060606060607,0.2318828181818182,0.1563590909090909,-6.278833333333334,0.0757272727272727,120.84754545454544,0.2679666666666667,62.47727272727272,7,2
1,detroit house,0.108265,0.7121500000000001,318294.65,0.7188000000000001,0.4884500000000001,0.15175,-11.9659,0.06056,119.02,0.64469,51.5,3,3
0,monterrey indie,0.206,0.506,228581.0,0.614,0.0205,0.0889,-4.628,0.0312,99.783,0.371,4.0,5,0
1,post-rock,0.4271263395902118,0.3633692424242424,352990.1187467897,0.4183925511776359,0.6896162436238906,0.1737918601878346,-13.956424523075798,0.0430727203022965,109.46955881025757,0.1860953633795582,44.621298334433945,2,9
1,psybass,0.0369,0.395,329000.0,0.847,0.637,0.624,-6.62,0.042,138.042,0.208,51.0,0,6
1,musique pour enfant quebecois,0.773,0.782,45004.0,0.344,0.0,0.0848,-7.504,0.0582,134.746,0.953,47.0,3,5
1,brutal deathcore,0.2049023266666666,0.4999,189069.76666666663,0.7596333333333334,0.0180671446666666,0.22013,-8.823300000000003,0.05622,115.86593333333332,0.6538333333333333,29.066666666666663,7,2
1,swiss pop,0.1568066666666666,0.7384999999999999,206260.16666666663,0.7113333333333334,0.3946291666666667,0.1186,-6.149166666666666,0.05975,120.82033333333334,0.5346666666666667,52.83333333333333,6,4
0,sufi chant,0.6233571428571428,0.5042142857142857,218092.6428571429,0.4852142857142857,0.1154437014285714,0.1959071428571428,-8.267428571428573,0.0409,125.68478571428572,0.4522142857142857,0.0714285714285714,11,5
1,chinese r&b,0.4561666666666666,0.5876666666666667,243627.75,0.4550833333333333,2.0466666666666664e-06,0.1300583333333333,-8.893416666666667,0.0306333333333333,131.4801666666667,0.3423333333333333,54.66666666666666,10,2
1,viral pop,0.4119668904577081,0.5755195229972572,215403.92866221216,0.5402247969603742,0.0126019536828245,0.1484118316292375,-7.187741040945728,0.0596862994825809,121.10853899915818,0.4277114006111141,59.81194581506092,7,2
1,focus,0.8879022222222218,0.3189698412698413,185402.1587301588,0.1051532804232804,0.8343958208994708,0.1105415343915344,-23.717470899470914,0.0476177248677248,96.94680423280424,0.1819804232804233,55.41005291005291,7,1
0,deathstep,0.00151075,0.42625,275092.75,0.93675,0.013299375,0.15325,-3.27475,0.0804249999999999,127.00625,0.2135,53.5,6,8
1,j-pop girl group,0.26545,0.6048333333333334,235803.33333333328,0.8663333333333333,0.0145491666666666,0.1660333333333333,-6.392166666666665,0.05135,126.21516666666668,0.8201666666666666,48.0,11,2
1,pittsburgh indie,0.2882821428571428,0.7250535714285715,211353.05357142852,0.5791071428571428,0.1655589599999999,0.36835,-9.016214285714282,0.1464857142857143,120.67364285714288,0.6104821428571428,56.51785714285714,11,4
1,math rock,0.2068536979166666,0.4679270833333333,269616.75,0.5629083333333333,0.2955016666666666,0.1438614583333333,-12.427656249999998,0.09913125,121.25001041666668,0.4649322916666666,38.13541666666666,7,2
1,strut,0.1602424999999999,0.6816249999999999,360318.125,0.740625,0.021197675,0.1636,-8.945125,0.09795,128.69575,0.727875,47.5,7,2
1,arkansas indie,0.2365,0.4300000000000001,265170.5,0.504,0.107665,0.171,-10.1935,0.03125,100.529,0.1685,50.0,3,3
1,french synthpop,0.2254706096,0.6634986666666666,279573.41866666666,0.7358519999999998,0.0825648248,0.151468,-9.221817333333332,0.0435116,124.38807333333332,0.6699181333333329,54.98266666666667,6,2
1,trap queen,0.1614455066368441,0.7818325388616039,192357.3541605785,0.6427933194552207,0.0287867134175327,0.1388036662844633,-6.779521377469988,0.1996728342736692,122.17939834413713,0.5638256268507166,60.334499755810825,0,4
1,classical soprano,0.9536146818070804,0.3059581084696731,285566.88711556746,0.1638240997654847,0.1092629977442813,0.2322961410315427,-19.184382980407893,0.0696631348684246,102.24678593605124,0.1691913686834716,16.182741234853125,2,9
1,new age,0.7683192987307627,0.3444065693984899,289468.063421392,0.2353406312822845,0.6846828011605088,0.1316954760822166,-18.07009959367373,0.0419251916364107,114.37247785521042,0.2158551535954802,41.12602719219767,7,9
0,bossa nova jazz,0.6305,0.6042333333333333,224073.96666666667,0.5056999999999999,0.2354866666666667,0.1902133333333333,-12.686933333333334,0.0344033333333333,104.57646666666666,0.7636,21.066666666666663,9,5
1,stomp and holler,0.4011716562400167,0.5419155271415871,238315.0196020089,0.554026881214821,0.0695842459672397,0.1583481662198181,-8.892331818592293,0.0469149299560442,117.22108033317348,0.448750309637169,51.70627025026877,7,2
0,baroque woodwind,0.847,0.515,90107.0,0.269,0.0897,0.0757,-21.859,0.037,130.998,0.964,49.0,11,5
1,death 'n' roll,5.987250000000003e-05,0.224625,279615.0,0.944125,0.4517249999999999,0.23025,-7.938125,0.0865499999999999,127.41562500000002,0.2445,40.5,11,8
1,finnish heavy metal,0.000251,0.551,246826.0,0.9,0.00143,0.0748,-5.468999999999999,0.0499,123.034,0.515,43.0,3,3
1,argentine indie,0.2921151428571428,0.5578571428571428,295973.4142857143,0.5646314285714286,0.1636000085714286,0.1683514285714285,-12.613314285714289,0.0491414285714285,101.24104285714289,0.5946142857142858,51.1,6,2
0,french post-punk,0.0494,0.5710000000000001,222000.0,0.8420000000000001,0.0,0.101,-4.806,0.135,161.945,0.92,39.0,11,0
1,bandoneon,0.7542962406015038,0.4984759398496239,202724.7255639098,0.3792345864661653,0.3053931233082707,0.339324060150376,-10.626302255639096,0.0534978195488721,118.4720120300752,0.5416037593984964,15.87218045112782,7,5
1,modern old-time,0.4364974358974359,0.5310128205128205,227031.3589743589,0.614025641025641,2.526538461538461e-05,0.1975948717948718,-7.485384615384616,0.0574435897435897,139.2380641025641,0.7533846153846154,43.80769230769232,7,2
1,canadian indie folk,0.81,0.4995000000000001,201226.5,0.331,0.007135,0.1535,-16.160999999999998,0.03705,133.253,0.488,52.5,6,3
1,latinx alternative,0.1709972222222222,0.7160555555555557,249560.88888888888,0.6033888888888889,0.1830272222222222,0.2276777777777777,-8.890083333333333,0.0895888888888888,110.6912222222222,0.6856111111111112,53.5,4,4
1,dansband,0.62,0.516,149867.0,0.629,1.78e-06,0.378,-11.271,0.0632,112.783,0.895,13.0,3,5
1,quiet storm,0.3074597690072051,0.6386430457849394,284740.03531551285,0.5466902927091771,0.0363859676795331,0.1682506908824236,-10.365618590688548,0.0649887860450295,116.6816383513164,0.6174500211991503,38.4926273141708,11,2
1,reading,0.7294568484812145,0.6139154697723774,346576.27338586445,0.2253478289823945,5.7927365397090175e-06,0.3153045640884471,-21.604239806229224,0.8156431168130304,96.78329895619264,0.4366032914138688,3.3478007271855086,11,7
1,canadian pop,0.2973643240044148,0.5768296390774629,233174.05128360385,0.6088361962994158,0.0385705584781756,0.1740027161115705,-7.435748615580652,0.0705515935406337,121.29744617968106,0.4711052195421567,53.17232409467842,0,3
1,cumbia villera,0.1567,0.8130833333333334,228567.58333333328,0.7202500000000001,2.7375e-05,0.1234083333333333,-4.842,0.0755083333333333,116.49491666666668,0.858,58.75,7,4
1,visor,0.9621111111111113,0.5015555555555555,164082.44444444447,0.0985388888888888,0.4219631111111111,0.1181111111111111,-19.956333333333333,0.0620111111111111,91.68211111111108,0.4681111111111111,29.05555555555556,5,9
1,gothabilly,0.0718045402116401,0.4254920634920634,275298.37566137564,0.7861746031746032,0.2702528169841269,0.203658201058201,-8.535735449735446,0.0678984126984127,132.47886243386242,0.4357523809523811,40.185185185185176,11,2
1,schlager,0.4750000000000001,0.55575,245004.25,0.4703333333333333,0.0022333333333333,0.1985166666666666,-12.404833333333334,0.0332083333333333,113.10441666666668,0.4958333333333334,51.75,3,3
1,tamil pop,0.5949418294612794,0.6322299511784514,255965.1117373737,0.4141653181818179,0.0624595487901346,0.1569379784511785,-11.832841888888886,0.1008372867003366,103.8658549242424,0.627953952861953,27.406728956228942,7,5
1,scorecore,0.517278348797674,0.3592660353941491,216434.7983874009,0.4057833801309413,0.717352310037368,0.1477289027678681,-14.589613421047618,0.0453227981287049,114.06808156709744,0.2483229324605862,47.693768594246215,7,9
1,funky tech house,0.0070903999999999,0.7376,357986.45,0.7943499999999999,0.7177355,0.126075,-6.266249999999999,0.07065,126.40145,0.53415,8.0,11,2
1,future house,0.222807,0.7116,209558.1,0.7872999999999999,0.01692497,0.15442,-5.5718,0.13018,109.20149999999998,0.6529,59.1,5,4
0,tulsa indie,0.162,0.659,172507.0,0.594,0.846,0.632,-8.494,0.0261,100.033,0.851,60.0,4,6
1,chicano punk,0.0788122148148148,0.4294444444444445,161457.44444444447,0.8630740740740741,0.2467952811111111,0.2766629629629629,-6.553074074074073,0.0815185185185185,127.68844444444444,0.5765185185185184,34.03703703703704,4,8
1,gothenburg indie,0.2301535763888889,0.5680243055555556,254924.75347222228,0.6026111111111111,0.1893695579861111,0.1705291666666666,-7.9233819444444435,0.0503031249999999,119.84704861111112,0.4177465277777777,50.99652777777778,2,3
1,punjabi folk,0.9743478260869564,0.5903478260869566,189193.78260869568,0.2329652173913043,0.3110913826086956,0.1942173913043477,-10.77804347826087,0.1154652173913043,102.6039130434783,0.598913043478261,0.0,1,5
1,classical saxophone,0.5259927999999999,0.2866799999999999,338286.28,0.4424799999999999,0.337012,0.1974,-15.34988,0.0452,134.24688,0.3181159999999999,43.92,5,9
1,progressive jazz fusion,0.2000392777777778,0.553459595959596,254268.26868686863,0.6989808080808079,0.5176218032323232,0.1760277777777777,-8.949229292929292,0.0437850505050505,129.94065454545455,0.4450040404040404,43.79595959595961,9,2
1,british classical piano,0.9895092307692308,0.3213535897435897,302537.5502564102,0.0446376769230769,0.8992497435897435,0.1029084102564102,-30.118484102564093,0.0443040512820512,93.34622923076924,0.1531419999999999,37.42615384615385,1,1
0,deep space rock,0.65,0.34,442573.0,0.489,0.523,0.11,-9.871,0.0489,140.359,0.628,0.0,6,9
1,ninja,0.2819054678542724,0.6064742280274196,290593.0532224754,0.5482281260223588,0.5836152981177523,0.1669061331808532,-10.928524651190946,0.0698084209109125,120.71157699404736,0.41020319658164,49.579519769329394,1,3
1,afro house,0.3216666666666666,0.636,236572.33333333328,0.5706666666666668,0.1335673333333333,0.1258333333333333,-10.103833333333332,0.1270333333333333,139.69799999999998,0.6205,48.33333333333334,6,4
1,northern soul,0.4386379639737327,0.5960467005060982,181550.52483632384,0.5439315782655542,0.0223184411238603,0.2020048437002533,-10.267851353826895,0.0571410951061433,121.30500695726408,0.6981511586628453,34.25736429567754,1,3
1,fingerstyle,0.8070958361029651,0.4833590311719345,233080.0497863944,0.2083656992867745,0.8063403989645558,0.0993019431772926,-18.783863394699686,0.0506719430867817,114.1009981590094,0.3095481362007168,33.48077549690453,4,9
1,pop r&b,0.2590119894102562,0.6625620368719881,233224.26327046263,0.5714959089474662,0.0070628480531696,0.1670003355135616,-7.501052038415935,0.1283582388700971,119.0262382174788,0.4534012877212713,55.92269471396479,7,4
1,japanese vocal jazz,0.1163,0.599,369240.0,0.5794999999999999,0.644,0.0824999999999999,-14.964,0.04315,115.817,0.7434999999999999,33.5,0,3
1,modern funk,0.2599680771576019,0.6573985271405601,300689.4733628441,0.6113642341996901,0.3400586546577076,0.1623928158818609,-9.33573234543769,0.0594987047536153,111.88376740376673,0.6650831624353754,40.9305581743531,0,3
1,austro-german modernism,0.8234904761904762,0.3656761904761905,230413.11428571423,0.2530828571428571,0.5179118417619047,0.2809033333333333,-17.579171428571428,0.0481223809523809,107.85291428571428,0.3796333333333334,4.323809523809524,5,9
1,harlem hip hop,0.0978444171205391,0.7528849189652485,270995.4675912939,0.6949414864812217,0.0451749765048244,0.2447185019609371,-8.448499769167835,0.2167511166952365,111.57767492402992,0.6438958271648226,42.961315970598925,11,4
1,avant-garde jazz,0.7199908334130867,0.4504958331128306,357266.344224626,0.3302714704063632,0.4293424741480476,0.1638543711411818,-15.734473549890316,0.0650682800044418,107.8315558917909,0.4284729678621225,24.77389567701909,5,9
1,australian psych,0.1347947388405797,0.4718475362318839,266790.74,0.7124969565217393,0.1003860118405797,0.162870768115942,-5.8951881159420285,0.0956347536231884,126.31174550724636,0.3959624637681161,55.7836231884058,2,3
1,canzone d'autore,0.5824321794871794,0.4776679487179487,249719.908974359,0.4458666666666667,0.0032909731025641,0.1657746153846154,-11.130153846153847,0.0682793589743589,112.28034615384615,0.4815658974358973,48.67435897435898,9,2
0,albanian pop,0.00287,0.6829999999999999,187106.0,0.665,0.0,0.0839,-8.405,0.0499,127.968,0.667,42.0,8,0
1,anarcho-punk,0.0561828678205128,0.2862726495726495,205265.3316239316,0.8606162393162394,0.0093583044273504,0.2868564102564103,-9.56566153846154,0.1265423076923077,177.9410769230769,0.5194268376068377,39.04358974358974,9,8
1,redneck,0.1580261982997071,0.6561255525571862,235014.0401348308,0.6981613261798244,0.0098419284885457,0.1794028756124331,-6.438359281991148,0.0987770194501903,123.44157132949827,0.5539448117030606,51.361968250121954,7,4
1,rock keyboard,0.2828147564995649,0.5058610111845345,287370.5465134778,0.6202752106198367,0.233733751579992,0.2279936411706563,-9.8909890277882,0.05857584775957,136.0299291303503,0.527237176218051,39.08535574325823,9,2
1,indian indie,0.2879844444444444,0.6495777777777777,273627.86666666664,0.6565555555555557,0.0286844133333333,0.12828,-7.623644444444445,0.0385466666666666,99.80228888888892,0.5300888888888889,55.46666666666667,11,2
0,big room,0.0779956875999471,0.6078181178474895,231176.55327065988,0.8002374515600635,0.1408563156504324,0.2372853488651646,-4.928863602838106,0.0769860989214635,126.98149451643464,0.399077023747613,55.29374169617834,11,0
1,deep funk,0.2038023333333333,0.6556666666666667,204559.66666666663,0.6990000000000001,0.00032677,0.1687,-7.277666666666666,0.0676333333333333,125.42966666666666,0.8180000000000002,43.33333333333334,4,4
1,indie rock mexicano,0.00193,0.405,224086.0,0.908,0.0,0.128,-3.2310000000000003,0.0508,165.009,0.343,64.0,9,8
1,grupera,0.3237906653259192,0.6317679648823915,200835.87705058305,0.5835425930561225,0.0131898530440862,0.1612092275227671,-8.775511392285372,0.0572870690299101,120.59650057095556,0.7337957071443553,41.398925004704026,7,2
1,rock en espanol,0.2105318726711448,0.6136984235656712,250608.2600453189,0.6662679137764264,0.0381692163970569,0.1956443197782757,-8.188660492214137,0.0574555282647215,122.9626561371058,0.611393249961739,55.58320883323079,7,2
1,house,0.0964555793195327,0.6787885012375239,255684.5480942728,0.746817075668035,0.1903483107286439,0.1966821406600333,-6.39820663027591,0.0745507612207854,123.24010455211835,0.4801666698626974,50.47767894667105,11,2
1,jazz clarinet,0.8044507581894949,0.5005454307408287,251292.27973328164,0.328795335382,0.5019886513086839,0.2521743551208765,-14.55759815919991,0.0710571720104416,112.1115601061319,0.5118877890012511,13.148324376593962,5,5
1,memphis blues,0.6969726771206259,0.6019505554210799,201314.8270261013,0.4336937797334372,0.1140154841076207,0.1546286331684861,-11.687203514559338,0.0730905410187437,118.35343594280836,0.6683564598100474,20.15102909246263,7,5
1,spanish pop,0.3115563317624088,0.6055599183691738,245911.45531603484,0.6720284047383331,0.0029217281807915,0.2296333846800969,-8.139996754286463,0.0720539361823496,123.32587910137218,0.6070947622043521,57.10270050676856,0,3
1,scandipop,0.3376005105713,0.6442311628430051,223247.3960301395,0.6060911493477285,0.0599881248223122,0.1481673695456589,-6.955799426450741,0.0806184772829509,121.13946159469188,0.4699322087269456,67.49893162393164,6,4
1,australian alternative rock,0.0857656291666666,0.5318218750000001,229777.91979166665,0.7707020833333332,0.0353603359895833,0.1997782291666666,-7.595144791666668,0.0636109375,117.68733333333331,0.5546041666666666,44.40312500000001,2,3
0,hungarian techno,0.00251,0.857,360015.0,0.639,0.743,0.0782,-6.9979999999999976,0.0741,127.993,0.0973,0.0,11,0
1,forro,0.5772666666666667,0.6671,170975.03333333333,0.7151666666666667,7.656000000000001e-06,0.31064,-8.747633333333333,0.0433066666666666,100.00996666666668,0.9235666666666664,23.633333333333336,4,5
1,romantico,0.5473635802469137,0.5351728395061728,167795.75308641978,0.464762962962963,0.6553756480246913,0.1526049382716049,-11.091783950617288,0.0394388888888888,116.67451234567903,0.6190432098765432,33.59876543209876,5,5
0,midwest americana,0.3105833333333334,0.4629999999999999,238275.25,0.5284999999999999,0.0004300666666666,0.2484,-5.93975,0.0355166666666666,111.11383333333332,0.3880833333333333,57.08333333333334,3,0
1,ottawa rap,0.1275524339869281,0.6385016339869279,217252.1737908497,0.6222067320261438,0.0409393399215686,0.145601385620915,-7.064590522875817,0.123154954248366,127.3335690196078,0.4995120130718954,54.97679738562092,3,4
0,uk metalcore,0.0252745961257764,0.3945381669960474,247204.42447769624,0.8815540302089212,0.0110826727685629,0.2226681871118012,-4.096133099237719,0.1188170754517222,121.45692504234896,0.2813734013269339,56.712715273856574,2,8
1,atlanta metal,0.0091204608333333,0.4490611111111111,217496.5277777777,0.9244583333333332,0.1544642844444444,0.2131375,-4.874466666666667,0.0864238888888889,122.70448888888887,0.4282527777777778,47.78888888888889,1,8
1,virginia hip hop,0.1628789833064347,0.7028399720516455,238504.3083664646,0.6387229242114102,0.0029208317532409,0.21340590858395,-6.9829831089592185,0.1811243807405658,118.36602888718312,0.5350363358132578,52.56693630924264,11,4
1,filthstep,0.0341204592592592,0.4810555555555555,248353.2592592592,0.8258333333333333,0.1814021362962962,0.1825351851851852,-5.382740740740742,0.1402277777777778,128.3238703703704,0.304962962962963,49.64814814814815,0,8
1,deep free jazz,0.275,0.491,179467.0,0.389,1.24e-06,0.256,-15.245,0.0318,86.62200000000001,0.46,36.0,7,5
1,dallas indie,0.13155,0.4415,189813.5,0.7157499999999999,0.001000945,0.180075,-6.5505,0.044025,124.83549999999998,0.6567500000000001,40.25,0,3
1,rave,0.0851436890109889,0.6104951817413355,298809.5031276416,0.8484793744716821,0.3318418485021134,0.207248562975486,-7.149813863060016,0.110109281487743,130.18135781910394,0.4571786136939983,49.27125950972106,11,2
0,chilean rock,0.2510209561403509,0.5148778947368421,335647.66736842104,0.6257958771929825,0.0436191284210526,0.1341363333333333,-9.27940087719298,0.0487531754385964,109.94502368421055,0.6004846491228069,50.839824561403525,11,0
1,christian relaxative,0.7525443866880884,0.3444926541649355,245715.4671085754,0.2331601054137265,0.3982132404056179,0.1793232279143715,-15.432696607979812,0.0388451245510165,110.9567374154387,0.2300927333876134,39.507752509895504,7,9
1,fado,0.8385420454545455,0.5585,185987.61818181816,0.3089322727272727,0.0018361810844155,0.1626799025974026,-8.131209090909092,0.0380350649350649,107.61670097402596,0.5312350649350649,21.947402597402597,5,5
1,space ambient,0.5990333333333333,0.3684,247769.0,0.2855666666666667,0.8530000000000001,0.0880333333333333,-14.783,0.0466666666666666,85.05250000000002,0.1596,48.16666666666666,0,1
1,canadian experimental,0.6095357142857143,0.3410000000000001,290190.2857142857,0.1765285714285714,0.3993071428571429,0.1957,-20.12978571428572,0.0486428571428571,125.75764285714288,0.2333714285714286,38.64285714285714,7,9
0,zimdancehall,0.0166,0.7659999999999999,174893.0,0.8809999999999999,2.3e-06,0.347,-5.158,0.1369999999999999,112.027,0.674,67.0,9,0
0,mindfulness,0.5485,0.2175,121538.75,0.747765475,0.9712500000000002,0.8642499999999999,-21.91,0.0369,59.0475,0.0033525,61.375,1,6
1,german techno,0.0538669957671957,0.6839485714285714,264300.7027513228,0.8314068783068784,0.3375417366677249,0.1996184497354497,-7.125781269841268,0.0572663174603174,129.76411973544978,0.5400112698412698,54.41238095238095,9,2
1,punta,0.1699999999999999,0.7805,287159.0,0.6721666666666667,0.0083970833333333,0.2098,-11.076,0.0633833333333333,114.731,0.8176666666666667,41.33333333333333,3,4
1,bansuri,0.9502,0.3133,354449.6,0.103665,0.6297,0.12293,-30.6229,0.05611,104.9055,0.3298,43.8,5,1
0,nisiotika,0.8016458333333333,0.4596736111111111,232265.5555555556,0.4976875,0.2739037305555556,0.3400347222222222,-9.110701388888888,0.0492590277777777,134.43297916666666,0.7527291666666667,0.0,7,5
1,salsa venezolana,0.5528739693094136,0.5741829475308642,263471.15316358034,0.6317489969135801,0.1532893806558641,0.1636660686728394,-9.862102623456792,0.0469602430555555,117.42355902777778,0.7150396412037036,44.62287808641975,7,2
1,latin ska,0.04572,0.7,244973.5,0.8445,0.0,0.10575,-5.0625,0.0445,127.517,0.7755000000000001,52.0,11,2
1,rap,0.1462570125023551,0.7282871786988361,242422.22869942355,0.6696704520823902,0.0208346665719534,0.2090767416491892,-7.354165479121113,0.204598125420429,116.20887060696808,0.5533979389860608,52.39789246880102,1,4
1,persian pop,0.5635416666666667,0.6526249999999999,295394.28125,0.4548125,2.4013750000000007e-05,0.16565625,-11.2831875,0.0785479166666666,125.45676041666668,0.6839895833333333,36.33333333333333,4,3
1,australian rock,0.1416495471505569,0.5501188021887452,233613.9210783505,0.7175132442526289,0.0281855553815241,0.208741898029018,-8.4397481670784,0.0542025148166956,119.00035970245254,0.5998865454777672,45.49562378585285,9,2
1,czech contemporary classical,0.5880000000000001,0.4,145554.0,0.157,0.475,0.0886,-21.5795,0.054,123.318,0.698,11.5,11,5
1,liedermacher,0.15,0.493,298093.0,0.453,0.00435,0.4270000000000001,-11.99,0.0265,94.021,0.461,54.0,11,2
1,roots worship,0.4223519749313868,0.4777929469767705,281220.2998648955,0.4469368257151345,0.0075824088168626,0.1577224038352714,-10.133955279333955,0.0538565944812268,118.5470337708316,0.316119211725094,46.55283401239283,11,2
0,uptempo hardcore,0.2354394285714285,0.5175142857142857,285002.2,0.9696857142857144,0.0899512260952381,0.1928933333333333,-3.604438095238095,0.2509904761904762,149.95507619047618,0.2727895238095238,0.2,7,8
0,ottawa indie,0.0801,0.7659999999999999,159240.0,0.591,0.0166,0.335,-9.169,0.0672,120.017,0.8059999999999999,43.0,0,0
1,icelandic folk,0.690125,0.569875,269497.125,0.301625,0.004939965,0.260875,-10.97725,0.02955,113.97025,0.203325,51.75,7,3
1,rap conscient,0.1768125,0.68075,212282.7125,0.6218999999999999,2.273e-06,0.136465,-6.426749999999998,0.2126849999999999,123.71146249999998,0.550125,56.7375,9,4
1,classic pakistani pop,0.7818773814084652,0.5344368118120499,274176.32049750915,0.4024799088949013,0.173846903714329,0.2119298462071032,-11.21071245165416,0.0774323905905539,108.07832690439776,0.6448534645056043,20.448626007072008,9,5
1,madrigal,0.8870000000000001,0.41626,206592.0,0.17326,0.29545,0.187,-17.937,0.11408,90.9182,0.26158,23.6,6,9
1,boston folk,0.7069249999999999,0.51825,204388.9,0.3087,0.003916505,0.1406,-11.927425,0.0323975,111.3919,0.386775,57.375,11,2
1,australian choir,0.993,0.291,164000.0,0.0218,3.5000000000000016e-06,0.0766,-25.876,0.0528,136.83700000000002,0.291,15.0,10,9
1,french rock,0.3513514648809524,0.6279794556171986,227046.57843417703,0.5973510055478503,0.0455189472482807,0.1935280177993528,-9.90176587638696,0.0652881127196023,120.75485956715212,0.6366153663892743,48.238134246417005,9,2
1,hardcore punk,0.0518536235157145,0.3898479521604765,162752.04702696824,0.8700315991772399,0.1462266358138979,0.2459028948451471,-8.103424991989089,0.0946352627636785,126.14099848654504,0.4710008750735856,33.03010240451561,4,8
1,jump blues,0.7661910507014238,0.61012018743339,185851.3307266656,0.4063102016219625,0.0400195598563927,0.1797591609707453,-11.421849199993405,0.0699187202174753,115.20861560742776,0.7150500364945133,23.571257863690786,5,5
1,canadian classical piano,0.9799524106400672,0.2992597880299253,248742.0683187864,0.0421060203657523,0.8483212506753948,0.078421056733167,-33.627376610556944,0.0458284497090606,92.9368555694098,0.172314479426434,40.9421238570241,3,1
1,bengali folk,0.9349973333333332,0.4478066666666667,192840.84,0.2856386666666666,0.19926528,0.2402293333333333,-13.431489333333335,0.0636558666666666,116.69325733333336,0.4251426666666667,0.2,7,5
0,belgian techno,0.147,0.6559999999999999,316232.0,0.8170000000000001,0.917,0.0811,-9.601,0.0371,124.013,0.405,2.0,9,0
0,christian dance,0.00535,0.6859999999999999,209440.0,0.915,4.7e-06,0.0672,-4.13,0.0972,140.982,0.517,50.0,2,0
1,neo-traditional country,0.6019333333333333,0.5282666666666667,270425.06666666665,0.5764666666666667,0.0133371813333333,0.4682666666666666,-8.9684,0.0568333333333333,121.63953333333332,0.7115999999999999,20.53333333333333,5,5
1,deep southern trap,0.076384129055277,0.7451717727478417,264535.7236163325,0.6772821276280979,0.0006635783826232,0.1952556897016848,-5.954174623625035,0.2461078003167641,117.35785784121764,0.5363412219785575,44.17152386173768,7,4
1,dansktop,0.9171776315789476,0.5017214912280702,183635.44956140348,0.3061412280701754,0.2780539093859649,0.187134649122807,-13.769445175438594,0.1105212719298245,99.5966162280702,0.6208464912280702,3.942982456140352,7,5
0,outer hip hop,0.148,0.639,224212.0,0.659,2.26e-05,0.18,-7.4289999999999985,0.109,145.888,0.674,1.0,8,0
1,permanent wave,0.2033357450311158,0.5204751447798446,243683.02356203235,0.6652348496234457,0.0975277235689932,0.1947741531892323,-8.804559939717253,0.0535998348361288,123.355892152784,0.5358394438385764,42.52939460781844,9,2
1,moog,0.6890538370207573,0.36864757997558,339750.3296068376,0.3109395457875458,0.6092954827838829,0.1381513347985348,-18.596051902319907,0.0468857343101343,105.52403205372408,0.3957091916971917,27.10074236874237,5,9
1,dub,0.2167457349505405,0.7632866418091417,236624.9155971066,0.5102043297311013,0.1315872369893541,0.1497716898687877,-10.633923825814495,0.1305023696033483,117.36892423512217,0.7487118476399257,39.138300374716025,7,4
1,dc hardcore,0.0219254998611111,0.3477602777777778,118808.06611111113,0.8289513361111112,0.3759193315263889,0.2456934444444445,-10.167815555555554,0.0886151527777777,129.18245708333336,0.4190691666666667,30.88208333333333,7,8
1,swedish melodic rock,0.0470623447368421,0.6660263157894737,282885.0789473684,0.6896578947368421,0.2276912239473684,0.2767315789473684,-11.01992105263158,0.1494263157894736,130.91115789473685,0.4490000000000001,21.21052631578948,7,2
1,spanish renaissance,0.966,0.4335555555555557,194970.4444444444,0.0960777777777778,0.8164444444444444,0.1141111111111111,-23.11111111111111,0.0570555555555555,105.27588888888889,0.4169666666666667,24.0,1,1
1,yugoslav rock,0.2803997222222222,0.5609722222222222,234421.72222222228,0.7247500000000001,0.0018677305555555,0.1071083333333333,-6.268444444444445,0.0568777777777777,129.65244444444446,0.5885555555555556,40.75,7,2
0,belarusian rock,0.0285,0.33,292027.0,0.913,0.00548,0.346,-2.21,0.045,175.91299999999995,0.294,57.0,7,8
1,neo-synthpop,0.1300089102955182,0.5819022032563026,259358.4590791317,0.7295347706582633,0.1198061692181372,0.1780683989845938,-6.429804730392157,0.0505786678046218,127.35837141544118,0.5065710353641456,51.71475052521008,6,2
0,atmospheric post-metal,2.71e-05,0.29,348640.0,0.7170000000000001,0.816,0.706,-9.439,0.0556,110.271,0.236,40.0,9,6
0,deep tropical house,0.1705888888888888,0.7177777777777777,239265.02222222227,0.7146666666666666,0.2166766073333333,0.1580777777777778,-6.5130444444444455,0.0483588888888888,119.24545555555557,0.4487666666666667,51.3,5,0
1,techno kayo,0.4268460186165413,0.5803347368421053,261254.16812030072,0.6836135338345863,0.1037900442706766,0.2216394586466164,-6.334363909774437,0.0397421353383458,118.10782676691728,0.5215645112781955,36.79488721804512,0,3
1,deep southern soul,0.6555000000000001,0.6174999999999999,156993.5,0.623,1.4000000000000008e-05,0.0932,-6.990499999999999,0.03165,100.2515,0.8484999999999998,23.5,7,5
1,vintage classical singing,0.9763485937064884,0.3931806182121972,207831.1338902813,0.1471262600946811,0.2038159953773322,0.1508267056530214,-17.57344722918407,0.0594659314954052,95.39080345307713,0.30321514898357,0.2846560846560846,2,9
1,bedroom soul,0.3473822835497834,0.6595400432900433,209885.8826839827,0.5149015151515152,0.0222335828225108,0.1600482251082251,-8.116731493506494,0.0600657034632034,111.87508658008656,0.5356768398268398,56.5693722943723,9,2
1,small room,0.6274798484848485,0.4685454545454543,191258.94696969696,0.4503757575757575,0.2543644537878787,0.1535833333333333,-11.05323484848485,0.0427522727272727,128.3346893939394,0.4327265151515152,55.0530303030303,11,2
1,folklore venezolano,0.7106666666666667,0.6343333333333333,223007.66666666663,0.5425,8.5e-06,0.1579333333333333,-9.073333333333332,0.0412166666666666,121.45250000000004,0.882,41.833333333333336,6,2
0,digital hardcore,0.0754580588235294,0.6780588235294118,216758.61764705885,0.8475882352941176,0.6038039588235294,0.3199117647058823,-6.602382352941175,0.1087264705882352,136.69311764705878,0.4046764705882353,54.735294117647065,11,0
1,folclore salteno,0.955,0.5235000000000001,193646.0,0.2375,0.04396,0.1969999999999999,-14.940499999999998,0.03535,104.53099999999998,0.528,21.5,4,5
1,australian post-hardcore,0.0378,0.594,156027.0,0.5670000000000001,0.000354,0.0894,-9.363,0.0374,132.368,0.574,40.0,9,2
1,christian punk,0.0942710729907773,0.5609703557312253,208713.13530961788,0.8034656126482215,0.0039170657075098,0.1871169960474308,-5.372740711462451,0.0677885638998682,128.94076139657443,0.5968174571805007,46.4372859025033,4,4
1,pop nacional antigas,0.23205,0.4625,207805.0,0.53025,0.0018411375,0.10235,-8.75675,0.0305,100.5355,0.5125,41.75,6,3
1,e6fi,0.3493397343833185,0.5217527543626147,228739.94770408163,0.6637112355811889,0.2174900643049394,0.2541858732623484,-9.422791167553976,0.0717366662969535,119.4128609139308,0.6240593075273588,37.51436335403727,9,2
